"ID","Term_Description","Fold_Enrichment","occurrence","support","lowest_p","highest_p","Up_regulated","Down_regulated"
"hsa03040","Spliceosome",2.86305365390157,10,0.6725,1.75008276714339e-51,3.54318906145935e-38,"PRPF40B, U2AF1L4, PPIE, RP9","DDX46, DDX39B, DHX15, DDX23, SNRNP70, SNRPA, PRPF40A, SNRPD1, SNRPD3, SNRPE, SNRPF, SNRPG, TCERG1, SF3A1, SF3A3, SF3B4, SF3B3, SF3B1, SF3B5, U2AF2, PUF60, SMNDC1, U2SURP, NCBP2, NCBP1, HNRNPA3, RBMX, HNRNPA1, HNRNPC, HNRNPK, HNRNPM, PCBP1, SRSF10, TRA2A, SRSF1, SRSF2, SRSF3, SRSF6, SRSF7, TRA2B, PLRG1, HSPA1L, HSPA8, CRNKL1, XAB2, WBP11, SNW1, CCDC12, AQR, LSM3, PPIH, PRPF3, PRPF6, PRPF8, SNRNP40, ACIN1, EIF4A3, THOC3, THOC1, PRPF38A, FUS"
"hsa03050","Proteasome",3.32974188686355,10,0.4275,1.56071690243875e-42,1.34066454023511e-25,"PSMF1","PSMD3, PSMD12, PSMD6, PSMD7, PSMD14, PSMD2, PSMD1, PSMC2, PSMC1, PSMC6, PSMC3, PSME4, PSMA2, PSMA4, PSMA7, PSMA5, PSMA1, PSMA3, PSMB6, PSMB2, PSMB5, PSMB1, PSMB4, POMP"
"hsa03010","Ribosome",1.72416771675948,10,0.355,2.92147207912573e-42,7.56969110977394e-20,"RPLP0, RSL24D1, RPL4","RPS18, RPS11, RPS7, RPS10-NUDT3, RPS25, RPS3A, MRPL11, RPL3, RPL12, MRPL13, MRPL3, RPL10A, RPL23, RPL5, MRPL18, RPL17, RPL23A, MRPL23, RPL26, MRPL24, MRPL30, RPL7, RPL15, RPL21, RPL24, RPL36AL, RPL31, RPL34, RPL35A, RPL7A, RPL10, MRPL16, MRPL20, MRPL27, MRPL32, MRPL35, MRPS7, MRPS9, MRPS12, MRPS17, MRPS6, MRPS18C"
"hsa00190","Oxidative phosphorylation",2.82264358115772,10,0.126489361702128,8.92032606670938e-42,3.13820976258072e-18,"NDUFA4L2, ND6, ND5, ND1, COX7A2L, CYTB, ATP6V1A","NDUFB6, NDUFB5, NDUFB4, NDUFB3, NDUFB1, NDUFAB1, NDUFA9, NDUFA8, NDUFA6, NDUFA5, NDUFA4, NDUFA3, NDUFA2, NDUFA1, NDUFV2, NDUFS5, NDUFS3, NDUFS1, ND4L, ND3, ND2, COX17, COX11, COX7C, COX7B, COX7B2, COX7A2, COX6C, UQCRB, UQCRC2, UQCRFS1, COX5B, COX6A1, COX6B1, COX2, COX3, ATP6V0E2, ATP6, ATP8, ATP6V1D, ATP6V1C1, ATP6V0D1, PPA2, PPA1, SDHC, SDHD, SDHA, CYCS"
"hsa05012","Parkinson disease",2.73537562582517,10,0.6825,3.26510540128184e-40,1.8964644342341e-27,"ND1, ND5, ND6, NDUFA4L2, CYTB, COX7A2L, ADORA2A, PRKACA, ERN1, ATF6, ATF4, XBP1, ITPR3, CAMK2D, KLC3, KIF5C, KLC2, TUBB1, TP53, DUSP1, SLC39A14, SLC39A1, SLC11A2, SLC39A7","UBA1, UBE2L3, PARK7, CYCS, ND2, ND3, ND4L, NDUFA1, NDUFA2, NDUFA3, NDUFA4, NDUFA5, NDUFA6, NDUFA8, NDUFA9, NDUFAB1, NDUFB1, NDUFB3, NDUFB4, NDUFB5, NDUFB6, NDUFS1, NDUFS3, NDUFS5, NDUFV2, SDHA, SDHC, SDHD, UQCRB, UQCRC2, UQCRFS1, COX5B, COX6A1, COX6B1, COX6C, COX7A2, COX7B, COX7C, COX7B2, COX2, COX3, ATP6, ATP8, SLC25A5, SLC25A6, VDAC1, VDAC3, GNAI3, EIF2AK3, EIF2S1, HSPA5, PSMA1, PSMA2, PSMA3, PSMA4, PSMA5, PSMA7, PSMB1, PSMB2, PSMB4, PSMB5, PSMB6, PSMD14, PSMC1, PSMC2, PSMC3, PSMC6, PSMD1, PSMD2, PSMD3, PSMD7, PSMD12, PSMD6, CALM1, CALM2, CALM3, CAMK2G, TUBA1B, TUBA1A, TUBA1C, TUBB3, TUBB4A, TUBB4B, MAOA, MFN1, SLC39A10, SOD1"
"hsa05415","Diabetic cardiomyopathy",2.3202246875281,10,0.212860460092883,3.9496091447267e-40,5.97538772267273e-19,"GFPT1, GFPT2, PPARA, NCF2, ND1, ND5, ND6, NDUFA4L2, CYTB, COX7A2L, ATP2A3, TGFB1, RELA, GSK3B, CAMK2D, PLCB4","SLC25A5, SLC25A6, VDAC1, VDAC3, ND2, ND3, ND4L, NDUFA1, NDUFA2, NDUFA3, NDUFA4, NDUFA5, NDUFA6, NDUFA8, NDUFA9, NDUFAB1, NDUFB1, NDUFB3, NDUFB4, NDUFB5, NDUFB6, NDUFS1, NDUFS3, NDUFS5, NDUFV2, SDHA, SDHC, SDHD, UQCRB, UQCRC2, UQCRFS1, ATP6, ATP8, COX5B, COX6A1, COX6B1, COX6C, COX7A2, COX7B, COX7C, COX7B2, COX2, COX3, PDK2, TGFB2, PIK3CB, PIK3R3, AKT1, PTEN, CAMK2G, PDHA1, PDHB, TGFBR2, PLCB1, GAPDH, PARP1, PPP1CC"
"hsa05208","Chemical carcinogenesis - reactive oxygen species",2.34772681846835,10,0.2075,1.34111486399423e-37,4.18922028055972e-20,"EGFR, MAP2K2, BRAF, NCF2, ND1, ND5, ND6, NDUFA4L2, CYTB, COX7A2L, NQO1, FOXO3, RELA, SRC, VEGFA, PTPN1, CYP1A1, CYP1B1, SOD2, AHR","EGF, AKT1, PIK3CB, PIK3R3, MAPK1, ND2, ND3, ND4L, NDUFA1, NDUFA2, NDUFA3, NDUFA4, NDUFA5, NDUFA6, NDUFA8, NDUFA9, NDUFAB1, NDUFB1, NDUFB3, NDUFB4, NDUFB5, NDUFB6, NDUFS1, NDUFS3, NDUFS5, NDUFV2, SDHA, SDHC, SDHD, UQCRB, UQCRC2, UQCRFS1, ATP6, ATP8, COX5B, COX6A1, COX6B1, COX6C, COX7A2, COX7B, COX7C, COX7B2, COX2, COX3, PTEN, CBR1, SLC26A6, SLC25A5, SLC25A6, VDAC1, VDAC3, SOD1, ACP1, MAP2K4, IKBKB, CAT, NOX4, MGST1, MGST2, MGST3, GSTO1"
"hsa05016","Huntington disease",2.49343462225596,10,0.6375,3.67376228574936e-36,1.52630639693068e-23,"ND1, ND5, ND6, NDUFA4L2, CYTB, COX7A2L, BDNF, CREBBP, POLR2A, DLG4, PLCB4, SOD2, GPX8, TP53, DNAL4, DNAH5, DNAL1, DNAH17, PPARG, BBC3, ERN1, ATG13, RB1CC1, ATG101, WIPI1, NRBF2, KLC3, KIF5C, KLC2, TUBB1","ND2, ND3, ND4L, NDUFA1, NDUFA2, NDUFA3, NDUFA4, NDUFA5, NDUFA6, NDUFA8, NDUFA9, NDUFAB1, NDUFB1, NDUFB3, NDUFB4, NDUFB5, NDUFB6, NDUFS1, NDUFS3, NDUFS5, NDUFV2, SDHA, SDHC, SDHD, UQCRB, UQCRC2, UQCRFS1, COX5B, COX6A1, COX6B1, COX6C, COX7A2, COX7B, COX7C, COX7B2, COX2, COX3, ATP6, ATP8, HDAC1, HDAC2, POLR2B, PLCB1, SLC25A5, SLC25A6, VDAC1, VDAC3, CYCS, SOD1, CLTA, CLTC, AP2M1, ACTR1A, DCTN3, DCTN1, CREB3L2, PIK3R4, TUBA1B, TUBA1A, TUBA1C, TUBB3, TUBB4A, TUBB4B, PSMA1, PSMA2, PSMA3, PSMA4, PSMA5, PSMA7, PSMB1, PSMB2, PSMB4, PSMB5, PSMB6, PSMD14, PSMC1, PSMC2, PSMC3, PSMC6, PSMD1, PSMD2, PSMD3, PSMD7, PSMD12, PSMD6"
"hsa05020","Prion disease",2.52944566292521,10,0.6725,8.78329146436552e-36,6.48832816038393e-31,"PRNP, PRKACA, FYN, IL1A, ND1, ND5, ND6, NDUFA4L2, CYTB, COX7A2L, ITPR3, GRIN2D, ATF4, KLC3, KIF5C, KLC2, TUBB1, GSK3B, PPP3CA, NCF2","NCAM1, STIP1, SOD1, MAPK1, HSPA1L, HSPA8, HSPA5, CYCS, ND2, ND3, ND4L, NDUFA1, NDUFA2, NDUFA3, NDUFA4, NDUFA5, NDUFA6, NDUFA8, NDUFA9, NDUFAB1, NDUFB1, NDUFB3, NDUFB4, NDUFB5, NDUFB6, NDUFS1, NDUFS3, NDUFS5, NDUFV2, SDHA, SDHC, SDHD, UQCRB, UQCRC2, UQCRFS1, ATP6, ATP8, COX5B, COX6A1, COX6B1, COX6C, COX7A2, COX7B, COX7C, COX7B2, COX2, COX3, EIF2AK3, EIF2S1, SLC25A5, SLC25A6, VDAC1, VDAC3, PSMA1, PSMA2, PSMA3, PSMA4, PSMA5, PSMA7, PSMB1, PSMB2, PSMB4, PSMB5, PSMB6, PSMD14, PSMC1, PSMC2, PSMC3, PSMC6, PSMD1, PSMD2, PSMD3, PSMD7, PSMD12, PSMD6, TUBA1B, TUBA1A, TUBA1C, TUBB3, TUBB4A, TUBB4B, PIK3CB, PIK3R3, CREB3L2"
"hsa04714","Thermogenesis",2.31179222430812,10,0.115,1.02365281785868e-35,2.30914314931831e-13,"PRKACA, FGF21, ADCY3, ADCY7, ADCY9, PPARG, SMARCD3, ZNF516, RPS6KA2, TSC2, MGLL, PRKAA2, PRKAB1, PRKAB2, BMP8A, CYTB, ND1, ND5, ND6, NDUFA4L2, COX19, COX7A2L","CREB3L2, KDM3B, KDM3A, ACTB, SMARCA2, SMARCE1, ACTG1, ACTL6A, CPT1A, KDM1A, ACSL1, ACSL3, SLC25A20, COX17, COX20, COX5B, COX6A1, COX6B1, COX6C, COX7A2, COX7B, COX7C, COX11, COX7B2, COX18, COA3, COX2, COX3, ND2, ND3, ND4L, NDUFA1, NDUFA2, NDUFA3, NDUFA4, NDUFA5, NDUFA6, NDUFA8, NDUFA9, NDUFAB1, NDUFB1, NDUFB3, NDUFB4, NDUFB5, NDUFB6, NDUFS1, NDUFS3, NDUFS5, NDUFV2, NDUFAF1, COX16, SDHA, SDHC, SDHD, UQCRB, UQCRC2, UQCRFS1, ATP6, ATP8"
"hsa04932","Non-alcoholic fatty liver disease",2.44243602067399,10,0.12,2.81903511246202e-34,3.27580161191413e-13,"RELA, GSK3B, PPARA, PRKAA2, PRKAB1, PRKAB2, ADIPOR1, ATF4, TGFB1, ERN1, IL1A, ITCH, COX7A2L, NDUFA4L2, CYTB, XBP1, PPARG","AKT1, SOCS3, PIK3CB, PIK3R3, ADIPOR2, CYCS, CASP7, EIF2AK3, EIF2S1, IKBKB, COX5B, COX6A1, COX6B1, COX6C, COX7A2, COX7B, COX7C, COX7B2, COX2, COX3, NDUFA1, NDUFA2, NDUFA3, NDUFA4, NDUFA5, NDUFA6, NDUFA8, NDUFA9, NDUFAB1, NDUFB1, NDUFB3, NDUFB4, NDUFB5, NDUFB6, NDUFS1, NDUFS3, NDUFS5, NDUFV2, SDHA, SDHC, SDHD, UQCRB, UQCRC2, UQCRFS1, LEPR"
"hsa04110","Cell cycle",2.93200995941199,10,0.6625,8.19015132741016e-33,8.59023332097052e-21,"ANAPC13, MAD2L2, SFN, CDKN1A, CREBBP, GADD45A, GADD45B, TP53, CDKN2B, TGFB1, CDC25B, GSK3B, CCNA1, CDK4, CCND1, CCND3, E2F4, MYC, E2F2, CDCA5, PPP2R5B","MCM4, MCM5, MCM6, ORC1, ORC4, ANAPC15, ANAPC2, ANAPC7, CDC27, SKP1, CUL1, CDK1, BUB1B, PCNA, PLK1, DBF4, MAD2L1, BUB1, BUB3, YWHAQ, YWHAE, YWHAH, YWHAZ, CHEK1, SKP2, PTTG1, ESPL1, CDKN1B, TGFB2, CDC25C, CDC25A, CCNB1, CCNB2, CCNA2, TTK, CDKN2C, CDKN2D, SMC3, STAG1, RAD21, TFDP1, HDAC1, HDAC2, NDC80, AURKB, MAD2L1BP, TICRR, ESCO2, PDS5B, HDAC8, PPP2CA, PPP2R1A, PPP2R1B, PPP2R5D, FBXO5"
"hsa04141","Protein processing in endoplasmic reticulum",2.37551996531306,10,0.56,1.59120469477002e-28,2.65725483830452e-24,"ATF4, PPP1R15A, SEC61A1, SEC23B, GANAB, MOGS, UGGT2, SYVN1, SEC63, ATF6, ERN1, XBP1, RAD23A, SEL1L, DERL1, OS9, HERPUD1, ERP29, DNAJC10, DNAJC1, UBXN6, RNF185, SAR1B, HYOU1","EIF2S1, CALR, CAPN1, SEC61B, VCP, DAD1, STT3B, OSTC, TMEM258, SEC24B, SEC23A, SEC24C, SEC24D, MAN1A1, HSPA5, SEC62, EIF2AK3, WFS1, UBQLN2, UBQLN1, NGLY1, PLAA, HSPA1L, HSPA8, DNAJA2, DNAJA1, PDIA6, PDIA4, SKP1, CUL1, HSP90AA1, HSP90AB1, SEC13, SAR1A, PREB, HSP90B1, TRAM1L1, HSPH1"
"hsa05017","Spinocerebellar ataxia",2.35301760005024,10,0.4375,4.40397299741417e-28,3.33609793564508e-20,"PLCB4, ITPR3, ATXN1, RORA, ATXN2L, ERN1, ATG13, RB1CC1, ATG101, WIPI1, NRBF2, ATP2A3, GRIN2D, VLDLR, XBP1","PLCB1, GRM1, KAT5, PIK3R4, AFG3L2, OMA1, PUM1, NOP56, PIK3CB, PIK3R3, AKT1, PSMA1, PSMA2, PSMA3, PSMA4, PSMA5, PSMA7, PSMB1, PSMB2, PSMB4, PSMB5, PSMB6, PSMD14, PSMC1, PSMC2, PSMC3, PSMC6, PSMD1, PSMD2, PSMD3, PSMD7, PSMD12, PSMD6, CYCS, SLC25A5, SLC25A6, VDAC1, VDAC3"
"hsa04120","Ubiquitin mediated proteolysis",1.73146578116905,10,0.145,1.22486701128496e-21,8.50293236613052e-14,"COP1, VHL, SYVN1, BIRC2, BIRC3, XIAP, SIAH1, CBLC, ITCH, CDC34, HERC1, NEDD4, UBE2M, ANAPC13, UBE2E1","SKP2, RHOBTB2, KLHL13, SOCS1, SOCS3, ANAPC7, CDC27, ANAPC2, CUL3, CUL2, SKP1, CUL1, CUL4B, MID1, FANCL, MAP3K1, UBE2N, WWP1, UBE2S, UBE2L3, UBA1, TRIP12, UBE2E3, ANAPC15"
"hsa05171","Coronavirus disease - COVID-19",1.1696475137128,10,0.3125,2.92884630679997e-21,1.16329731384828e-12,"ADAM17, IRAK1, NFKBIB, RELA, TYK2, ADAR, TRAF3, RSL24D1, RPL4, RPLP0, EGFR, IL6ST, C5AR1, C1S, C3, CFB","IFNAR1, IKBKB, RPS10-NUDT3, RPS3A, RPS7, RPS11, RPS18, RPS25, RPL10A, RPL3, RPL5, RPL7, RPL7A, RPL10, RPL12, RPL15, RPL17, RPL21, RPL23A, RPL24, RPL26, RPL31, RPL34, RPL35A, RPL36AL, RPL23, SYK, PIK3CB, PIK3R3, MAPK1"
"hsa03013","Nucleocytoplasmic transport",2.28570668878891,10,0.3825,4.72879934385205e-21,1.33906374296187e-14,"XPOT, XPO5, NUP62, NUP210, POM121C, NUP214, EEF1A2, DDX19B, NXF1","CSE1L, XPO1, RAN, NCBP2, NCBP1, PHAX, NUP93, NUP98, SEC13, NUP107, NUP85, NUP133, NDC1, NUP88, SUMO2, EEF1A1, NUP35, EIF4A3, ACIN1, SAP18, SRRM1, DDX39B, THOC1, THOC3, THOC7, IPO7, IPO11, KPNA2, KPNA3"
"hsa04723","Retrograde endocannabinoid signaling",1.87993951776362,10,0.0425,1.37551811982624e-20,5.5819739060109e-10,"PLCB4, ITPR3, GABRG1, GNB2, MGLL, ADCY3, ADCY7, ADCY9, PRKACA, ND1, ND5, ND6, NDUFA4L2","PLCB1, GABRA2, GNAI3, GNG10, GRM1, NAPEPLD, MAPK1, ND2, ND3, ND4L, NDUFA1, NDUFA2, NDUFA3, NDUFA4, NDUFA5, NDUFA6, NDUFA8, NDUFA9, NDUFAB1, NDUFB1, NDUFB3, NDUFB4, NDUFB5, NDUFB6, NDUFS1, NDUFS3, NDUFS5, NDUFV2"
"hsa04350","TGF-beta signaling pathway",2.46134520276954,10,0.138565989847716,1.09477523228366e-19,3.7185787297406e-06,"THBS1, ACVR2B, ACVR1B, SMAD7, CREBBP, CDKN2B, MYC, E2F4, ACVR1, INHBA, INHBE, ZFYVE9, TGFB1, AMH, BMP8A, BMP4, SMAD1, TGIF1, FBN1, SKIL","LTBP1, CUL1, SMAD6, TFDP1, ID2, ID4, FST, PPP2CA, PPP2R1A, PPP2R1B, RHOA, ZFYVE16, SKP1, MAPK1, TGFBR2, TGFB2, BMPR1A, BMP7, NOG, NBL1, GREM1, HDAC1, HDAC2, HFE"
"hsa05203","Viral carcinogenesis",2.13997371198694,10,0.7025,2.38282782913427e-18,3.89539632972665e-13,"TP53, PMAIP1, TRAF3, SRC, ATF4, STAT5A, RELA, CDK4, CDKN2B, LYN, CCND1, CCND3, CCNA1, UBR4, GTF2H3, CREBBP, DNAJA3, CDKN1A, HDAC5, IRF7, IL6ST, C3, HLA-A, HLA-B, LTBR, PRKACA","PSMC1, CHD4, MAPK1, CREB3L2, PIK3CB, PIK3R3, POLB, SYK, CCNA2, VDAC3, YWHAQ, YWHAE, YWHAH, YWHAZ, SKP2, SNW1, GTF2E1, SND1, ATP6V0D1, CDKN1B, PKM, HDAC1, HDAC2, HDAC8, RHOA, ACTN1, GTF2A1, CHEK1, HNRNPK, DDX3X, CDK1"
"hsa03082","ATP-dependent chromatin remodeling",1.71109559550823,10,0.19,6.84823827284316e-18,3.34109191038132e-13,"BAZ2A, SMARCD3, BCL7B, MTA1, VPS72","SS18, SMARCA5, RBBP4, RBBP7, SMARCA2, SMARCE1, ACTB, ACTG1, ACTL6A, CHD4, HDAC1, HDAC2, MBD2, PHF6, MCRS1, ACTR8, MORF4L1, MORF4L2, BRD8, ING3, KAT5"
"hsa04814","Motor proteins",1.5982761056945,10,0.25,9.01773459608679e-18,3.54310829418624e-12,"DYNLL2, DNAH5, DNAH17, DNAL1, DNAL4, TUBB1, KIF5C, KLC3, KLC2, KIF1A, KIF7, KIF21B, MYO1D, MYO1E, MYO19","DYNC1I2, DYNC1LI1, DYNLL1, DCTN1, DCTN3, ACTR1A, CAPZA1, CAPZA2, TUBA1B, TUBA1A, TUBA1C, TUBB3, TUBB4A, TUBB4B, KIF14, KIF4A, KIF11, KIF20A, KIF20B, KIF23, CENPE, KIF18A, KIF18B, KIF26B, KIF15, KIF2C, KIFC1, MYO18A, MYH10, MYL6, MYL12B, ACTB, ACTG1"
"hsa04218","Cellular senescence",1.94076384262904,10,0.36,2.82780226396997e-16,1.87193761592128e-11,"MYC, TP53, TSC2, FOXO3, MAP2K2, CDK4, CCND1, CCND3, CDKN1A, E2F2, E2F4, CCNA1, RAD50, GADD45A, GADD45B, RELA, SQSTM1, EIF4EBP1, IL1A, PPP3CA, ITPR3, TGFB1, HLA-A, HLA-B, CDKN2B","PPP1CC, HIPK3, PIK3CB, PIK3R3, AKT1, MAPK1, CCNA2, RBBP4, CDC25A, CHEK1, CDK1, CCNB1, CCNB2, ZFP36L1, CAPN1, CALM1, CALM2, CALM3, TGFB2, TGFBR2, IGFBP3, PTEN, SLC25A5, SLC25A6, VDAC1, VDAC3"
"hsa05215","Prostate cancer",1.96710905316247,10,0.365,3.8329613001476e-16,8.27596101141566e-10,"RELA, CCND1, CREBBP, CDKN1A, E2F2, TP53, EGFR, ATF4, PDGFB, TGFA, GSK3B, MAP2K2, BRAF, ETV5, PLAU","AR, CDKN1B, PTEN, CTNNB1, FGFR2, IKBKB, CREB3L2, EGF, HSP90AA1, HSP90AB1, HSP90B1, AKT1, PIK3CB, PIK3R3, GSTP1, MAPK1, ERG"
"hsa04390","Hippo signaling pathway",1.9765347840422,10,0.345372340425532,9.29179254880558e-16,1.52280305818312e-09,"SAV1, LATS1, AREG, DLG4, DLG5, WTIP, TP73, CSNK1E, TGFB1, SMAD7, DVL3, GSK3B, AXIN1, MYC, CCND1, CCND3, BIRC2, BIRC3, AMH, BMP8A, BMP4, SMAD1, BBC3, RASSF6","NF2, CTNNA1, BIRC5, PPP1CC, YWHAQ, YWHAE, YWHAH, YWHAZ, MOB1A, AMOT, TEAD2, ACTB, ACTG1, PRKCI, TGFB2, TGFBR2, WNT5A, FZD2, FZD3, FZD4, CTNNB1, AXIN2, SOX2, BMP7, BMPR1A, ID2, PPP2CA, PPP2R1A, PPP2R1B"
"hsa04260","Cardiac muscle contraction",1.69291087511063,10,0.0251903553299492,1.24966391905873e-15,3.75833595879591e-05,"CACNG8, CACNB1, ATP2A3, SLC9A7, CYTB, COX7A2L, ATP1B1, SLC9A1","CACNG4, SLC9A6, COX5B, COX6A1, COX6B1, COX6C, COX7A2, COX7B, COX7C, COX7B2, COX2, COX3, UQCRB, UQCRC2, UQCRFS1"
"hsa01200","Carbon metabolism",2.45716279800697,10,0.29,1.47866574115037e-15,6.33359345333632e-10,"HKDC1, PGLS, PHGDH, PSAT1, PSPH, SHMT2, SDSL, ME2, GOT1, GPT2","PGAM1, PGK1, GAPDH, ALDOA, ALDOC, TKT, RPE, GPI, PGD, TPI1, TALDO1, ENO1, PKM, DLAT, DLD, PDHA1, PDHB, FH, SDHA, SDHC, SDHD, SUCLG1, SUCLA2, IDH2, ACAT2, SHMT1, PRPS2, ADH5, ESD, PC, OGDH, OGDHL, ME1, HIBCH, GOT2, PGP, CAT"
"hsa04115","p53 signaling pathway",2.63715557439593,10,0.1125,3.63858074019452e-15,6.89330300920339e-07,"SIAH1, GADD45A, GADD45B, MDM4, SFN, TSC2, TP73, COP1, STEAP3, THBS1, CDKN1A, TNFRSF10A, TP53, CDK4, CCND1, CCND3, SHISA5, SESN2, BBC3, PMAIP1, AIFM2, PPP1R13L","IGFBP3, CHEK1, CCNG2, RRM2, PTEN, GTSE1, CDK1, CYCS, CCNB1, CCNB2, SIVA1"
"hsa05169","Epstein-Barr virus infection",1.66561920003556,10,0.38,5.73470897247995e-15,3.0623766468176e-11,"NCOR2, MYC, TP53, TRAF3, NFKBIB, RELA, RELB, CD40, CD44, LYN, NEDD4, HLA-A, HLA-B, TAP2, CDKN1A, GADD45A, GADD45B, CCNA1, E2F2, CDK4, CCND1, CCND3, IRF7, TYK2, IRAK1","SNW1, HDAC1, HDAC2, CDKN1B, SKP2, MAP2K4, PIK3CB, PIK3R3, AKT1, SYK, PSMD14, PSMC1, PSMC2, PSMC3, PSMC6, PSMD1, PSMD2, PSMD3, PSMD7, PSMD12, PSMD6, CALR, SAP30, CIR1, CCNA2, IFNAR1, IKBKB, CYCS"
"hsa04010","MAPK signaling pathway",1.44087012558823,10,0.0625,8.12076587226041e-15,9.32458152085841e-07,"DUSP1, DUSP5, DUSP6, DUSP3, PLA2G4C, JMJD7-PLA2G4B, RELA, RELB, MAP2K2, BRAF, PRKACA, RASGRP1, EGFR, EPHA2, CACNG8, CACNB1, MAP2K5, CDC25B, ATF4, ELK4, TP53, PPM1A, TAOK3, MAP3K13, STK4, GADD45A, GADD45B, TGFB1, IL1A, MAPKAPK5, JUND, PPP3CA, MAPK8IP3, MYC, RPS6KA2, MKNK2, CSF1, FGF2, FGF21, AREG, PDGFB, BDNF, TGFA, VEGFA, IRAK1","STMN1, IKBKB, MAPK1, RAP1B, FGFR3, FGFR2, KIT, NTRK2, CACNG4, PPP5C, AKT1, MAP3K6, TGFBR2, TGFB2, MAPK8IP1, MAP2K4, ARRB1, MECOM, HSPA1L, HSPA8, MAP3K1, EGF, NTF3"
"hsa05167","Kaposi sarcoma-associated herpesvirus infection",1.32738185049204,10,0.1,9.03832363319392e-15,7.53068202881214e-05,"TRAF3, IRF7, RELA, IL6ST, CREBBP, TYK2, C3, HLA-A, HLA-B, CDKN1A, CDK4, TP53, E2F2, GSK3B, GNB2, MAP1LC3A, FGF2, VEGFA, PDGFB, PPP3CA, ITPR3, MAP2K2, SRC, HCK, LYN, CCND1, MYC, IFNGR1","IKBKB, AKT1, PIK3CB, PIK3R3, IFNAR1, CYCS, CTNNB1, GNG10, SYK, MAPK1, CALM1, CALM2, CALM3, MAP2K4"
"hsa00010","Glycolysis / Gluconeogenesis",2.04224169060964,10,0.2725,9.59491641444808e-15,1.91008953186788e-09,"ALDH2, HKDC1, PCK2","ALDOA, ALDOC, ALDH9A1, ALDH3A2, ADH5, PDHA1, PDHB, DLAT, LDHA, LDHB, PKM, ENO1, PGAM1, GAPDH, TPI1, GPI, PGM1, PGM2, DLD, PGK1"
"hsa03083","Polycomb repressive complex",2.02004341136389,10,0.1775,9.72394060153593e-15,2.11971792785363e-09,"EZH1, PHF1, OGT, HCFC1, MBD6, FOXK1, PCGF2, CBX4, PHC1, PHC2, SCMH1, BCOR, FBRS, PCGF5, CREBBP","EZH2, RBBP4, RBBP7, AURKB, USP16, KDM2B, SKP1, TFDP1, CBX3, HDAC1, HDAC2"
"hsa05131","Shigellosis",1.63157352456314,10,0.3225,1.29920470935459e-14,3.13428607001093e-09,"NFKBIB, TAB3, RIPK2, ARHGEF2, TNIP1, U2AF1L4, RBCK1, SHARPIN, RELA, MAP1LC3A, CALCOCO2, SQSTM1, C3, WIPI1, SRC, ARF6, ITGA5, CD44, ITPR3, PLCB4, FOXO3, GSK3B, TP53, EGFR, HKDC1","IKBKB, MAPK1, UBE2V1, UBE2V2, UBE2N, SKP1, CUL1, CBX3, GLMN, ARF1, PIK3R4, RRAGA, FNBP1L, ACTR3, ACTR2, DIAPH1, RHOA, ACTB, ACTG1, CYTH3, ACTN1, PIK3CB, PIK3R3, PLCD3, PLCB1, AKT1, CAPN1, VDAC1, CYCS, MYL12B, PFN2"
"hsa05132","Salmonella infection",1.53708084939539,10,0.5125,1.37968839446411e-14,7.73275684860431e-10,"IRAK1, TAB3, MAP2K2, RELA, RIPK2, PKN1, MYC, NCKAP1, ARF6, BIRC2, BIRC3, TNFRSF10A, DYNLL2, PLEKHM2, KLC3, KIF5C, KLC2, TUBB1, VPS39, ARL8A","MAPK1, IKBKB, MAP2K4, HSP90AA1, HSP90AB1, HSP90B1, SKP1, KPNA3, CSE1L, CTNNB1, AKT1, RHOA, ARHGEF26, ACTB, ACTG1, ACTR3, ACTR2, CYTH3, ARF1, PIK3CB, RALA, AHNAK, CASP7, CYCS, GAPDH, PFN2, MYL12B, ANXA2, DYNC1I2, DYNC1LI1, DYNLL1, ACTR1A, DCTN3, DCTN1, TUBA1B, TUBA1A, TUBA1C, TUBB3, TUBB4A, TUBB4B, VPS18"
"hsa04144","Endocytosis",1.74653248653947,10,0.235,1.69445709304837e-14,2.06313140732247e-11,"STAMBP, RNF41, CBLC, NEDD4, ITCH, VPS37A, VPS37C, CHMP3, CHMP4C, ARF6, SRC, EPN2, LDLRAP1, EGFR, RAB11FIP5, GBF1, IQSEC1, AGAP1, ACAP2, GIT1, ASAP1, ARAP3, HLA-A, HLA-B, ZFYVE9, KIF5C, RAB10, WIPF1","DNM3, WWP1, LDLR, CLTA, CLTC, AP2M1, HSPA1L, HSPA8, PDCD6IP, VTA1, PRKCI, RAB11A, RAB11B, EPN3, CXCR4, FGFR3, FGFR2, ARRB1, RAB11FIP2, EEA1, CYTH3, ARAP2, EHD3, EHD1, TGFBR2, ZFYVE16, RHOA, FOLR1, CHMP7, ARF1, CAPZA1, CAPZA2, VPS35, RAB8A, RAB11FIP4, ACTR3, ACTR2, SNX12, SNX3, SNX2, SNX6"
"hsa05219","Bladder cancer",2.35535426102348,10,0.190744680851064,2.83949115146254e-14,1.24325605474938e-09,"TYMP, VEGFA, THBS1, EGFR, CDKN1A, MYC, TP53, E2F2, CDK4, CCND1, MAP2K2, BRAF, SRC","FGFR3, EGF, MAPK1"
"hsa05160","Hepatitis C",1.64298312963001,10,0.3425,7.39747104932152e-14,1.24382975383947e-10,"TRAF3, IRF7, RELA, TYK2, CLDN4, CLDN15, CLDN12, CLDN1, OCLN, EGFR, BRAF, GSK3B, TP53, CDKN1A, PPARA, MAP2K2, CDK4, E2F2, CCND1, MYC","IKBKB, IFNAR1, SOCS3, PPP2CA, PPP2R1A, PPP2R1B, EIF2AK3, EIF2S1, MAPK1, IFIT1, EIF3E, PIK3CB, PIK3R3, AKT1, EGF, LDLR, YWHAQ, YWHAE, YWHAH, YWHAZ, CTNNB1, CYCS"
"hsa05213","Endometrial cancer",2.17543136608418,10,0.325,1.40826718786104e-13,1.22360722792726e-07,"AXIN1, GSK3B, FOXO3, EGFR, CCND1, MYC, MAP2K2, BRAF, TP53, CDKN1A, GADD45A, GADD45B","CTNNB1, AXIN2, CTNNA1, PTEN, AKT1, PIK3CB, PIK3R3, EGF, MAPK1"
"hsa05166","Human T-cell leukemia virus 1 infection",1.84600890207715,10,0.265,1.75960615162512e-13,5.27252081270037e-08,"PPP3CA, STAT5A, HLA-A, HLA-B, MYC, ADCY3, ADCY7, ADCY9, PRKACA, ATF4, TGFB1, CDKN1A, ANAPC13, RELA, IL15RA, RELB, LTBR, CD40, XIAP, CDKN2B, CDK4, CCND1, CCND3, E2F2, ELK4, ETS2, FOSL1, CREBBP, CRTC3, MAP2K2, CCNA1, TP53","CALR, KAT5, FDPS, SLC25A5, SLC25A6, VDAC1, VDAC3, XPO1, RAN, CREB3L2, TGFB2, TGFBR2, ANAPC15, ANAPC2, ANAPC7, CDC27, CCNB2, PTTG1, BUB1B, MAD2L1, BUB3, IKBKB, MAP3K1, MAP2K4, PIK3CB, PIK3R3, AKT1, CDKN2C, POLB, CHEK1, MAPK1, ESPL1, CCNA2, PTEN"
"hsa04140","Autophagy - animal",1.49172436531487,10,0.0675,2.13157981657779e-13,2.71799834910081e-11,"MAP2K2, DDIT4, TSC2, ATG13, RB1CC1, ATG101, WDR45, WIPI1, PRKAA2, ERN1, PRKACA, NRBF2, UVRAG, ZFYVE1, MTMR3, MTMR14, MAP1LC3A, RAB39B, SQSTM1, OPTN, CALCOCO2, VPS39, LAMP1","PIK3CB, PIK3R3, PTEN, AKT1, MAPK1, PPP2CA, RRAGA, PIK3R4, HMGB1, EIF2AK3, EIF2S1, GABARAPL2, RAB1A, WDR41, RAB8A, VPS18, STX7"
"hsa04114","Oocyte meiosis",2.08588576505893,10,0.4475,2.63885743577997e-13,3.02149562160612e-10,"MAD2L2, RPS6KA2, ANAPC13, CAMK2D, ITPR3, PPP3CA, PRKACA, ADCY3, ADCY7, ADCY9, PPP2R5B","CDK1, MAD2L1, CCNB2, MAPK1, ANAPC15, ANAPC2, ANAPC7, CDC27, PTTG1, CCNB1, FBXO5, SKP1, CUL1, CDC25C, CAMK2G, PLK1, AURKA, CALM1, CALM2, CALM3, YWHAQ, YWHAE, YWHAH, YWHAZ, PPP1CC, ESPL1, PPP2R5D, PPP2CA, PPP2R1A, PPP2R1B, SMC3, AR, BUB1"
"hsa03015","mRNA surveillance pathway",2.04015244079828,10,0.2325,3.86890711754705e-13,1.22458128943312e-06,"PABPC1, PPP2R5B, NXF1, DDX19B","RNGTT, PABPC4L, PPP2CA, PPP2R1A, PPP2R1B, PPP2R3A, PPP2R5D, MSI2, NUDT21, PAPOLA, CLP1, CPSF6, CPSF3, CSTF1, CSTF2T, CSTF3, WDR33, PPP1CC, EIF4A3, ACIN1, SAP18, SRRM1, NCBP1, DDX39B, NCBP2, FUS, TARDBP"
"hsa05222","Small cell lung cancer",1.88712118503688,10,0.181370558375635,1.66378120590298e-12,2.76369549525597e-08,"CCND1, CKS1B, MYC, FN1, LAMB2, LAMB3, LAMC2, BIRC2, BIRC3, XIAP, TRAF3, E2F2, CDK4, RELA, CDKN2B, TP53, CDKN1A, GADD45A, GADD45B","CDKN1B, AKT1, CKS2, PTEN, PIK3CB, PIK3R3, CYCS, IKBKB, SKP2"
"hsa04530","Tight junction",1.77821447520978,10,0.3175,1.9140218468331e-12,3.23970873227523e-09,"OCLN, TJP1, PRKACA, VASP, SRC, YBX3, MARVELD2, CLDN4, CLDN15, CLDN12, CLDN1, PRKAA2, PRKAB1, PRKAB2, CDK4, RUNX1, ARHGEF2, AMOTL2, CCND1, TJAP1, NEDD4","CGN, RHOA, EPB41L4B, PRKCI, PPP2CA, PPP2R1A, PPP2R1B, ACTN1, ACTB, ACTG1, RDX, EZR, MAP3K1, TUBA1B, TUBA1A, TUBA1C, ACTR3, ACTR2, NF2, PCNA, AMOT, AMOTL1, RAB8A, RAB8B, MYL12B, MYH10, MYL6"
"hsa04520","Adherens junction",1.51934889059848,10,0.09,2.56927984138485e-12,1.61561675984217e-08,"CREBBP, FYN, EGFR, PTPN1, PTPRB, TJP1, SRC, RASIP1","CTNNA1, MAPK1, TGFBR2, ACP1, RHOA, BAIAP2, ACTB, ACTG1, ACTN1, LMO7, CTNNB1, FARP2, MYL12B, RAP1B"
"hsa05220","Chronic myeloid leukemia",2.02004341136389,10,0.231789340101523,2.67714861672281e-12,1.74761908210792e-08,"RUNX1, TP53, TGFB1, MYC, STAT5A, RELA, CDKN1A, SHC2, E2F2, CDK4, CCND1, MAP2K2, BRAF, GADD45A, GADD45B","MECOM, TGFB2, HDAC1, HDAC2, TGFBR2, CDKN1B, IKBKB, AKT1, PIK3CB, PIK3R3, MAPK1"
"hsa05417","Lipid and atherosclerosis",1.48589731701286,10,0.2275,5.20909451646986e-12,2.43565760881956e-08,"GSK3B, TP53, PLCB4, SRC, RELA, IRAK1, ERN1, ATF6, ATF4, NCF2, XBP1, VLDLR, TNFRSF10A, PPP3CA, CD40, CYP1A1, CYP2J2, TRAF3, IRF7, MIB2, SOD2, LYN, PPARG, CAMK2D","AKT1, PIK3CB, PIK3R3, PLCB1, MAPK1, RHOA, IKBKB, MAP2K4, EIF2AK3, EIF2S1, HSPA5, RAP1B, CASP7, CASP6, CYCS, CALM1, CALM2, CALM3, HSPA1L, HSPA2, HSPA8, HSP90AA1, HSP90AB1, HSP90B1, VAV3, CAMK2G, LDLR"
"hsa01230","Biosynthesis of amino acids",2.60001253813683,10,0.2275,7.58038770990423e-12,4.46639066651481e-06,"BCAT1, SDSL, SHMT2, PHGDH, PSAT1, PSPH, GOT1, CTH, GPT2, ASS1, ARG2, PYCR2, PYCR1, ASNS, CBS","TPI1, GAPDH, PGK1, PGAM1, ENO1, PKM, ALDOA, ALDOC, TKT, RPE, PRPS2, SHMT1, GOT2, IDH2, PC, ALDH18A1, TALDO1, MAT2B"
"hsa04066","HIF-1 signaling pathway",1.82660126365086,10,0.24,7.86224276300339e-12,1.24813867532336e-07,"VEGFA, VHL, CREBBP, EGFR, CAMK2D, HKDC1, LTBR, RELA, IFNGR1, EIF4EBP1, MAP2K2, MKNK2, CDKN1A","CUL2, EGF, PIK3CB, PIK3R3, AKT1, LDHA, LDHB, PDHA1, PDHB, CAMK2G, GAPDH, ALDOA, ALDOC, ENO1, PGK1, EIF4E, EIF4E2, MAPK1, CDKN1B"
"hsa00020","Citrate cycle (TCA cycle)",2.99676769817719,10,0.0953723404255319,8.82666036426796e-12,3.39179965354677e-09,"PCK2","DLD, OGDH, OGDHL, SUCLG1, SUCLA2, IDH2, FH, PC, PDHA1, PDHB, DLAT, SDHA, SDHC, SDHD"
"hsa05418","Fluid shear stress and atherosclerosis",1.86465545664359,10,0.2575,1.18001722274882e-11,1.85410150422211e-10,"MEF2A, KLF2, NQO1, NCF2, BMP4, ACVR1, ACVR2B, MAP2K5, SQSTM1, ASS1, IL1A, PDGFB, VEGFA, ITGB3, SRC, TP53, PRKAA2, RELA, SDC4, DUSP1, ARHGEF2","AKT1, PIK3CB, PIK3R3, MAP2K4, BMPR1A, GSTP1, MGST1, MGST2, MGST3, GSTO1, CTNNB1, ACTB, ACTG1, RHOA, SUMO2, IKBKB, CALM1, CALM2, CALM3, HSP90AA1, HSP90AB1, HSP90B1, SDC2"
"hsa05130","Pathogenic Escherichia coli infection",1.62615301451476,10,0.2825,2.70435626828366e-11,2.10259737841591e-07,"OCLN, FYN, CLDN4, CLDN15, CLDN12, CLDN1, ARHGEF2, TUBB1, BAIAP2L1, WIPF1, GNA13, ARHGEF11, RELA, NFKBIB, IRAK1, TAB3, ARF6, SRC, NCKAP1, TJP1, MYO1D, MYO1E, TNFRSF10A","TUBA1B, TUBA1A, TUBA1C, RHOA, NCL, TUBB3, TUBB4A, TUBB4B, ACTR3, ACTR2, ACTB, ACTG1, BAIAP2, F2R, EZR, IKBKB, GAPDH, MAPK1, CYTH3, ARF1, MYH10, CASP7, CYCS, SEC24B, SEC24C, SEC24D, RAB1A"
"hsa04914","Progesterone-mediated oocyte maturation",1.92681063853171,10,0.1675,9.46064720973644e-11,2.41983711619792e-06,"ADCY3, ADCY7, ADCY9, ANAPC13, MAD2L2, CDC25B, PRKACA, RPS6KA2, CCNA1, BRAF","CCNB1, CDK1, PIK3CB, PIK3R3, AKT1, ANAPC15, ANAPC2, ANAPC7, CDC27, MAD2L1, BUB1, CDC25A, CDC25C, PLK1, CCNB2, HSP90AA1, HSP90AB1, MAPK1, GNAI3, CCNA2, AURKA"
"hsa05163","Human cytomegalovirus infection",1.32118803711933,10,0.145,1.26155698950929e-10,1.18946837501877e-05,"EIF4EBP1, TSC2, EGFR, RELA, MAP2K2, ITGB3, HLA-A, HLA-B, GNB2, VEGFA, PPP3CA, ITPR3, PLCB4, GNA13, TAP2, ADCY3, ADCY7, ADCY9, PRKACA, CCND1, SRC, PTGER3, GSK3B, MYC, ATF4, CDKN1A, TP53, E2F2, CDK4, ARHGEF11","AKT1, PIK3CB, PIK3R3, IKBKB, MAPK1, CYCS, GNG10, CALM1, CALM2, CALM3, PLCB1, RHOA, GNAI3, CTNNB1, CXCR4, CREB3L2, CALR"
"hsa04012","ErbB signaling pathway",1.76248255490969,10,0.09,1.36194969963814e-10,0.000410391846126651,"STAT5A, EGFR, GSK3B, EIF4EBP1, CDKN1A, TGFA, SHC2, CAMK2D, SRC, MYC, AREG, MAP2K2, BRAF","CDKN1B, MAP2K4, NRG2, CAMK2G, PIK3CB, PIK3R3, AKT1, NRG4, EGF, MAPK1"
"hsa04621","NOD-like receptor signaling pathway",1.35395364367751,10,0.0775,1.50162038421508e-10,2.87244981465149e-05,"RIPK2, TAB3, P2RX7, RELA, TRAF3, IRF7, ITPR3, PLCB4, TYK2, ANTXR1, NFKBIB, BIRC2, BIRC3, XIAP, RBCK1, SHARPIN, MAP1LC3A, NAMPT, TRIP6, PKN1","IKBKB, SUGT1, HSP90AA1, HSP90AB1, MAPK1, TP53BP1, PLCB1, IFNAR1, GBP2, RHOA, VDAC1, VDAC3, GBP4, TXNIP, GABARAPL2, MFN1, DNM1L, YWHAE"
"hsa04810","Regulation of actin cytoskeleton",1.29489962266916,10,0.1325,1.85837581302584e-10,2.03754663613029e-06,"NCKAP1, PIP4K2C, SLC9A1, PPP1R12C, GIT1, MAP2K2, BRAF, SRC, ITGA5, ITGB3, ITGB6, FN1, GNA13, EGFR, FGF2, FGF21, PDGFB","TMSB4X, ACTR3, ACTR2, PFN2, ABI2, BAIAP2, CFL1, CFL2, PIP4K2B, DIAPH1, ACTN1, RDX, EZR, PPP1R12A, PPP1CC, MYL12B, DIAPH3, RHOA, VAV3, MAPK1, PIK3CB, PIK3R3, CHRM3, ITGB5, FGFR3, FGFR2, EGF, F2R, ACTB, ACTG1, MYH10, CXCR4, AKT1"
"hsa05207","Chemical carcinogenesis - receptor activation",1.39849159248269,10,0.1625,2.48198108474087e-10,4.53378474036424e-07,"EGFR, MAP2K2, ADCY3, ADCY7, ADCY9, PRKACA, ATF4, SRC, VDR, EIF4EBP1, CCND3, MYC, VEGFA, FGF2, RELA, XIAP, AHR, CYP1A1, CYP1B1, PPARA, CCND1, PAQR5, STAT5A, KLF4, RPS6KA2","MAPK1, CREB3L2, PIK3CB, PIK3R3, AKT1, ARRB1, BIRC5, MGST1, MGST2, MGST3, GSTO1, UGT2B7, PTGES3, HSP90AA1, HSP90AB1, HSP90B1, KPNA2, KPNA3, AR, CDC25A, EGF, GNAI3"
"hsa03420","Nucleotide excision repair",1.66837593489163,10,0.0325,4.03101416516609e-10,0.0191298450538387,"GTF2H3, LIG1, ERCC4, RAD23A, POLR2A, POLR2M","ERCC3, MNAT1, CUL4B, RFC3, RFC5, PCNA, ERCC5, RPA1, RPA3, CETN2, POLR2B"
"hsa04068","FoxO signaling pathway",1.94170733501729,10,0.1175,4.59856406572052e-10,1.10312784302177e-07,"PRKAA2, PRKAB1, PRKAB2, FOXO3, MAP2K2, BRAF, PCK2, EGFR, STK4, CREBBP, CCND1, CDKN2B, CDKN1A, GADD45A, GADD45B, SOD2, KLF2, CSNK1E, FBXO25, TGFB1","IKBKB, MAPK1, AKT1, PIK3CB, PIK3R3, EGF, PTEN, SKP2, CCNB1, CCNB2, CDKN2D, CDKN1B, PLK4, PLK2, PLK1, CAT, GRM1, GABARAPL2, TGFBR2, FOXG1, CCNG2, TGFB2"
"hsa05205","Proteoglycans in cancer",1.47209641313967,10,0.2325,4.68883668772602e-10,1.3348790568841e-06,"CD44, PPP1R12C, ITPR3, CAMK2D, SLC9A1, BRAF, MAP2K2, SRC, CCND1, TP53, PLAU, TGFB1, MYC, THBS1, VEGFA, CDKN1A, ITGB3, FGF2, SDC4, ITGA5, FN1, HSPG2, PRKACA, EGFR","RHOA, ANK3, PIK3CB, PIK3R3, AKT1, PPP1R12A, PPP1CC, CAMK2G, ACTB, ACTG1, MAPK1, DROSHA, VAV3, CTNNB1, NUDT16L1, EIF4B, TGFB2, ITGB5, FZD2, FZD3, FZD4, SDC2, EZR, RDX, SMO, WNT5A"
"hsa00100","Steroid biosynthesis",3.53303139153522,10,0.0579187817258883,5.56523846078482e-10,8.4237864226717e-05,"","SC5D, EBP, DHCR7, DHCR24, CYP51A1, LSS, LBR, NSDHL, MSMO1, HSD17B7, FDFT1, SQLE"
"hsa03460","Fanconi anemia pathway",1.48411352671632,10,0.02,8.02737084971558e-10,0.00259903773986979,"FANCD2, BRIP1, PMS2, MUS81, ERCC4","FANCA, FANCL, BLM, RMI1, ATRIP, RPA1, RPA3, UBE2T"
"hsa05210","Colorectal cancer",2.2375865479723,10,0.2375,9.9202108976934e-10,8.20473721645836e-07,"TGFB1, BRAF, AXIN1, MYC, CCND1, MAP2K2, TP53, GSK3B, CDKN1A, GADD45A, GADD45B, PMAIP1, BBC3, EGFR, TGFA, AREG","TGFB2, PIK3CB, PIK3R3, MSH2, AXIN2, RHOA, BIRC5, MAPK1, CYCS, CTNNB1, AKT1, MSH6, MSH3, TGFBR2, RALA, EGF"
"hsa04210","Apoptosis",1.69653078432326,10,0.2125,1.10365214943338e-09,4.31104605177838e-06,"DFFA, TP53, BIRC2, BIRC3, XIAP, RELA, TNFRSF10A, PMAIP1, BBC3, ERN1, GADD45A, GADD45B, ATF4, ITPR3, HRK, MAP2K2","AIFM1, BIRC5, CASP7, CASP6, CYCS, CAPN1, AKT1, IKBKB, PIK3CB, PIK3R3, LMNB1, LMNB2, PARP1, EIF2AK3, EIF2S1, ACTB, ACTG1, TUBA1B, TUBA1A, TUBA1C, MAPK1"
"hsa04064","NF-kappa B signaling pathway",1.39849159248269,10,0.025,1.26900651520848e-09,0.00286903731771644,"BIRC2, BIRC3, IRAK1, TNFSF14, LTBR, TRAF3, RELB, RELA, CD40, CARD14, TAB3, PLAU, LYN, XIAP, GADD45A, GADD45B, TRIM25, PPP1R13L","IKBKB, SYK, PARP1, ERC1"
"hsa03008","Ribosome biogenesis in eukaryotes",1.41534088877766,10,0.0575,1.35814219429667e-09,0.000156955786075648,"FBLL1, REXO1, NXF1, NOB1","MPHOSPH10, IMP3, UTP18, UTP6, RAN, XPO1, NOP56, DROSHA, NAT10, BMS1, RPP30, POP4, POP1, POP5, XRN2, GNL3, GNL2"
"hsa00620","Pyruvate metabolism",2.41557638701556,10,0.1675,1.47632437534546e-09,1.06714771245755e-07,"PCK2, ME2, ALDH2","PDHA1, PDHB, PKM, GLO1, PC, ME1, LDHA, LDHB, ALDH9A1, ALDH3A2, ACAT2, ACACA, DLAT, DLD, FH, ADH5"
"hsa05206","MicroRNAs in cancer",1.22674701094973,10,0.16,1.50218035816692e-09,2.01432263871037e-06,"CDC25B, BCL2L2, VEGFA, CYP1B1, CREBBP, DDIT4, CCND1, HDAC5, FOXP1, EGFR, SLC7A1, MYC, CD44, E2F2, CDCA5, CDKN1A, ITGB3, TNC, TNXB, ITGA5, PLAU, THBS1, TP53, MDM4, MAP2K2, PDGFB","CDC25A, CDC25C, HMGA2, PTEN, CDKN1B, ST14, STMN1, TGFB2, EZR, PIK3R3, PIK3CB, HNRNPK, HDAC1, HDAC2, EZH2, GLS2, KIF23, SOCS1, FZD3, RDX, RHOA, IKBKB, MAPK1, FGFR3"
"hsa05202","Transcriptional misregulation in cancer",1.67092501958971,10,0.1375,1.60116952778436e-09,7.55310060806153e-07,"ETV4, TFE3, MYC, PPARG, NUPR1, CDKN1A, NFKBIZ, ETV5, ELK4, PLAU, RUNX1, RARA, CCNA1, BIRC2, BIRC3, CD40, RUNX2, SMAD1, JMJD1C, TP53, MLLT1, DOT1L, DUSP6, RELA, GADD45A, GADD45B","ERG, WT1, FUS, SS18, ID2, IGFBP3, TGFBR2, CCNA2, PBX1, HMGA2, CDKN1B, MEN1, MLLT3, MEIS1, CDKN2C, FUT8, TLX3, HDAC1, HDAC2, LDB1"
"hsa04360","Axon guidance",1.21751032757317,10,0.01,1.95312333158769e-09,0.015699435044377,"PPP3CA, NTNG1, NGEF, UNC5B, EPHA2, FYN, RGS3, PLXNA2, SRGAP1, SRC, CAMK2D, GSK3B, RHOD, ABLIM1","GNAI3, CXCR4, MAPK1, RHOA, UNC5C, EPHA7, ROBO2, EFNB2, EPHB3, SEMA3F, SEMA6A, SEMA5B, SMO, BMP7, FZD3, CAMK2G, WNT5A, PIK3CB, PIK3R3, CFL1, CFL2, BOC, MYL12B"
"hsa04919","Thyroid hormone signaling pathway",1.42302653270169,10,0.2325,2.23168039132814e-09,4.93071494161237e-07,"ITGB3, GSK3B, PLCB4, MAP2K2, ATP2A3, PRKACA, TP53, SLC9A1, ATP1B1, CREBBP, MED1, TSC2, SRC, BMP4, CCND1, MYC","AKT1, PIK3CB, PIK3R3, CTNNB1, PLCD3, PLCB1, MAPK1, ACTB, ACTG1, HDAC1, HDAC2, NCOA2, MED4"
"hsa04540","Gap junction",1.96544764348919,10,0.17,2.80634172666905e-09,1.24853700755102e-06,"MAP2K5, PRKACA, TJP1, TUBB1, ADCY3, ADCY7, ADCY9, SRC, MAP2K2, EGFR, PDGFB, PLCB4, ITPR3","GNAI3, GJA1, CDK1, TUBB3, TUBB4A, TUBB4B, TUBA1B, TUBA1A, TUBA1C, MAPK1, EGF, GRM1, PLCB1"
"hsa04611","Platelet activation",1.57778538639073,10,0.085,2.9741160832311e-09,2.4753491756912e-05,"ITPR3, PLCB4, RASGRP1, ITGB3, ORAI1, GNA13, ADCY3, ADCY7, ADCY9, PLA2G4C, JMJD7-PLA2G4B, STIM1, PRKACA, VASP, LYN, FYN, SRC","F2R, PLCB1, RAP1B, PIK3CB, PIK3R3, AKT1, MAPK1, RHOA, PPP1R12A, PPP1CC, MYL12B, GNAI3, ACTB, ACTG1, SYK, PRKCI"
"hsa05212","Pancreatic cancer",1.83801752154868,10,0.095,3.59064678895757e-09,2.52677136811826e-06,"RELA, BRAF, TGFA, VEGFA, CDK4, E2F2, TGFB1, EGFR, CCND1, TP53, CDKN1A, GADD45A, GADD45B","PIK3CB, PIK3R3, AKT1, IKBKB, MAPK1, RALA, RALBP1, EGF, TGFB2, TGFBR2"
"hsa05161","Hepatitis B",1.38910574286871,10,0.155,4.02530348257655e-09,1.97651970776385e-06,"BRAF, MAP2K2, MYC, ATF4, TYK2, SRC, RELA, TGFB1, CDKN1A, CREBBP, HSPG2, IRF7, TP53, CCNA1, IRAK1, TRAF3, STAT5A, E2F2","VDAC3, CYCS, BIRC5, MAPK1, CREB3L2, PCNA, MAP3K1, PIK3CB, PIK3R3, AKT1, IKBKB, MAP2K4, YWHAQ, YWHAZ, TGFB2, IFNAR1, CCNA2, DDX3X, TGFBR2"
"hsa05214","Glioma",1.9179313268334,10,0.1475,4.0637959144768e-09,2.51474185153719e-05,"TGFA, PDGFB, EGFR, CAMK2D, SHC2, BRAF, MAP2K2, TP53, CCND1, CDK4, E2F2, CDKN1A, GADD45A, GADD45B","EGF, CALM1, CALM2, CALM3, CAMK2G, MAPK1, PIK3CB, PIK3R3, AKT1, PTEN"
"hsa04928","Parathyroid hormone synthesis, secretion and action",1.38517262493524,10,0.02,4.57740405120272e-09,0.0156671890687378,"ITPR3, PLCB4, ADCY3, ADCY7, ADCY9, PRKACA, VDR, BRAF, EGFR, GNA13, ARHGEF11, ATF4, CDKN1A, JUND, RUNX2, MEF2A, MEF2D","PLCB1, GNAI3, PDE4B, ARRB1, MAPK1, RHOA, CREB3L2, NACA, LRP5"
"hsa05230","Central carbon metabolism in cancer",2.01033166419387,10,0.3375,4.77783684680182e-09,7.59354284960647e-07,"MYC, EGFR, MAP2K2, HKDC1, SLC1A5, TP53, SLC7A5","GLS2, PDHA1, PDHB, PKM, LDHA, LDHB, FGFR3, FGFR2, KIT, MAPK1, PIK3CB, PIK3R3, AKT1, PGAM1, PTEN, IDH2"
"hsa04915","Estrogen signaling pathway",1.5338294885294,10,0.1675,5.64056983720939e-09,5.65170877601427e-06,"SRC, EGFR, PRKACA, MAP2K2, ATF4, PLCB4, ADCY3, ADCY7, ADCY9, GABBR1, SHC2, ITPR3, KRT10, TGFA, RARA","MAPK1, CREB3L2, PLCB1, GABBR2, PIK3CB, PIK3R3, AKT1, HSP90AA1, HSP90AB1, HSP90B1, HSPA1L, HSPA8, GNAI3, CALM1, CALM2, CALM3, GRM1, NCOA2, KRT18"
"hsa05216","Thyroid cancer",2.30339791703031,10,0.154627659574468,5.75399595315466e-09,0.000182113224699028,"PPARG, BRAF, MAP2K2, MYC, CCND1, TP53, CDKN1A, GADD45A, GADD45B","MAPK1, CTNNB1, CCDC6, NCOA4, TFG"
"hsa04217","Necroptosis",1.63725844973583,10,0.176332487309645,7.0989876459136e-09,9.8066533912819e-07,"IFNGR1, TYK2, TNFRSF10A, BIRC2, BIRC3, XIAP, RBCK1, SHARPIN, STAT5A, IL1A, SPATA2, PYGB, FTH1, FTL, PLA2G4C, JMJD7-PLA2G4B, CAMK2D, CHMP3, CHMP4C, SQSTM1","IFNAR1, HMGB1, HSP90AA1, HSP90AB1, ZBP1, SLC25A5, SLC25A6, DNM1L, CAPN1, AIFM1, PARP1, PPIA, CAMK2G, CHMP7, VDAC1, VDAC3"
"hsa04152","AMPK signaling pathway",1.84800674720927,10,0.0925,9.74155827964419e-09,1.63690734100499e-05,"PRKAA2, PRKAB1, PRKAB2, FOXO3, ADIPOR1, TSC2, PCK2, EEF2, EIF4EBP1, PPARG, PPP2R5B, CCND1, CCNA1, RAB10","AKT1, PIK3CB, PIK3R3, ADIPOR2, ACACA, CPT1A, FASN, SCD, TBC1D1, PPP2CA, PPP2R1A, PPP2R1B, PPP2R3A, PPP2R5D, ELAVL1, CCNA2, HMGCR, LEPR, RAB8A, RAB14, RAB2A, RAB11B, CREB3L2"
"hsa05225","Hepatocellular carcinoma",1.60336615698652,10,0.249365482233503,1.64031444775917e-08,5.40224910061008e-06,"EGFR, BRAF, MAP2K2, SHC2, CCND1, MYC, CSNK1A1, AXIN1, GSK3B, DVL3, E2F2, TP53, CDKN1A, GADD45A, GADD45B, TGFA, TGFB1, NQO1, TXNRD1, CDK4, SMARCD3","MAPK1, PIK3CB, PIK3R3, AKT1, PTEN, AXIN2, CTNNB1, LRP5, FZD2, FZD3, FZD4, WNT5A, TGFB2, TGFBR2, SMARCA2, GSTP1, MGST1, MGST2, MGST3, GSTO1, ACTB, ACTG1, ACTL6A, SMARCE1"
"hsa04722","Neurotrophin signaling pathway",1.93246110961245,10,0.1025,2.17117594987972e-08,2.73031189781083e-05,"BDNF, SHC2, MAP2K2, BRAF, RPS6KA2, GSK3B, FOXO3, NFKBIB, RELA, ATF4, CAMK2D, TP53, MAP2K5, SH2B3, SH2B1, TP73, ZNF274, PRDM4, RIPK2, IRAK1","NTRK2, NTF3, PIK3CB, PIK3R3, AKT1, MAPK1, RAP1B, SORT1, CAMK2G, RHOA, MAP3K1, ARHGDIB, MAGED1, YWHAE, IKBKB, CALM1, CALM2, CALM3"
"hsa03030","DNA replication",2.13886949438529,10,0.1225,2.43412072665816e-08,0.000381180092459919,"LIG1, RNASEH2B","FEN1, DNA2, RFC3, RFC5, PCNA, RPA3, MCM5, SSBP1, MCM4, MCM6, RPA1"
"hsa04145","Phagosome",1.34745175334099,10,0.135,2.98130823741595e-08,7.35792204336591e-06,"ITGB3, MRC2, ITGA5, NCF2, TUBB1, ATP6V1A, LAMP1, C3, THBS1, SEC61A1, TAP2, HLA-A, HLA-B","ITGB5, ACTB, ACTG1, EEA1, DYNC1I2, DYNC1LI1, TUBA1B, TUBA1A, TUBA1C, TUBB3, TUBB4A, TUBB4B, ATP6V0E2, ATP6V1D, ATP6V1C1, ATP6V0D1, STX7, SEC61B, CALR, CORO1A"
"hsa05162","Measles",1.25304846686449,10,0.0475,3.44342724921867e-08,2.88118754922977e-05,"IRAK1, IRF7, NFKBIB, RELA, TYK2, STAT5A, IL1A, TP53, TP73, BBC3, CCND1, CCND3, CDK4, GSK3B, ADAR, TRAF3","IFNAR1, PIK3CB, PIK3R3, AKT1, HSPA1L, HSPA8, EIF3H, EIF2AK3, EIF2S1, IKBKB, CDKN1B, CYCS"
"hsa04150","mTOR signaling pathway",1.62143952751616,10,0.065,3.59885615248268e-08,0.000205065894207906,"BRAF, MAP2K2, TSC2, EIF4EBP1, RPS6KA2, PRKAA2, DDIT4, SLC7A5, SLC3A2, WDR24, SESN2, ATP6V1A, SLC38A9, GRB10, FLCN, GSK3B, DVL3","PIK3CB, PIK3R3, MAPK1, PTEN, AKT1, LPIN1, RHOA, TBC1D7, RRAGA, EIF4E, EIF4E2, IKBKB, SKP2, SEC13, ATP6V1D, ATP6V1C1, LAMTOR4, EIF4B, WNT5A, FZD2, FZD3, FZD4, LRP5"
"hsa00510","N-Glycan biosynthesis",2.30339791703031,10,0.0125761421319797,3.82665553401949e-08,0.0135368070859146,"DPM2, DOLPP1, B4GALT1, MAN2A2, MAN2A1, GANAB, MOGS","ALG14, ALG12, MGAT5B, FUT8, B4GALT2, ST6GAL2, MGAT3, MGAT2, STT3B, DOLK, MAN1A1, DAD1, OSTC, TMEM258"
"hsa00785","Lipoic acid metabolism",2.06093497839554,10,0.0377664974619289,3.90618614527727e-08,0.000217705983265034,"BCKDHA","DLD, OGDH, OGDHL, PDHA1, PDHB, DLAT"
"hsa05223","Non-small cell lung cancer",1.69514132422144,10,0.075,5.20657388316572e-08,0.00102088929616304,"FOXO3, CDK4, CCND1, E2F2, TGFA, EGFR, STK4, MAP2K2, BRAF, STAT5A, TP53, CDKN1A, GADD45A, GADD45B, KIF5C","AKT1, PIK3CB, PIK3R3, EGF, MAPK1"
"hsa01522","Endocrine resistance",1.31992464908479,10,0.085,5.99137863330289e-08,2.84756965567517e-05,"SRC, EGFR, MED1, PRKACA, BRAF, MAP2K2, SHC2, ADCY3, ADCY7, ADCY9, TP53, CDKN1A, CCND1, CDK4, E2F2","MAPK1, PIK3CB, PIK3R3, AKT1, CDKN2C, CDKN1B"
"hsa05100","Bacterial invasion of epithelial cells",1.58634867206992,10,0.1225,6.74959581818555e-08,2.80036030183196e-06,"SRC, ITGA5, SHC2, FN1, MAD2L2","CTNNB1, CTNNA1, ACTR3, ACTR2, ACTB, ACTG1, CD2AP, PIK3CB, PIK3R3, DNM3, CLTA, CLTC, ARHGEF26, RHOA"
"hsa04216","Ferroptosis",2.65713402571711,10,0.1375,7.73939540002166e-08,5.60092065957734e-05,"SLC7A11, TP53, GCLC, SLC3A2, STEAP3, GSS, PCBP2, FTH1, FTL, SLC39A14, SLC11A2, MAP1LC3A, PRNP","VDAC3, PCBP1, NCOA4, ACSL1, ACSL3, LPCAT3"
"hsa04137","Mitophagy - animal",1.57133886795808,10,0.05,8.89597188372078e-08,0.00021522142199229,"OPTN, SQSTM1, CALCOCO2, ARIH1, SIAH1, TP53, FOXO3, RELA, SRC, BCL2L13, MTX3, ATF4, MAP1LC3A, TFE3","FUNDC1, BNIP3L, SAMM50, MTX2, EIF2AK3, EIF2S1, MFN1, VCP, USP15, GABARAPL2, TOMM40L"
"hsa01521","EGFR tyrosine kinase inhibitor resistance",1.83801752154868,10,0.06,9.51603104041949e-08,7.40013046331914e-05,"EGFR, GSK3B, EIF4EBP1, TGFA, SHC2, MAP2K2, BRAF, VEGFA, PDGFB, FGF2, SRC, FOXO3","PIK3CB, PIK3R3, AKT1, EGF, MAPK1, PTEN, FGFR3, FGFR2, EIF4E, EIF4E2, NRG2"
"hsa04934","Cushing syndrome",1.63823300833687,10,0.0375,9.67409923399063e-08,8.3796323354781e-05,"ITPR3, PLCB4, ATF4, ADCY3, ADCY7, ADCY9, PRKACA, ORAI1, NCEH1, AXIN1, DVL3, GSK3B, EGFR, CAMK2D, CCND1, CDKN1A, CDK4, E2F2, CDKN2B, AHR, BRAF, MAP2K2","PLCB1, CREB3L2, LDLR, PBX1, AXIN2, FZD2, FZD3, FZD4, CTNNB1, MAPK1, CAMK2G, GNAI3, CDKN1B, CDKN2C, MEN1, ARMC5, FH, RAP1B, WNT5A"
"hsa04630","JAK-STAT signaling pathway",0.978944114737883,5,0.005,9.94498773737198e-08,0.0350182125943326,"STAT5A, IL15RA, TSLP, IL6ST, OSMR, IFNGR1, TYK2, PDGFB, EGFR, MYC, SOCS4, SOCS7, SOCS2, CCND1, CCND3, CDKN1A, CREBBP, CSF2RA","LEPR, IFNAR1, IL20RA, EGF, SOCS1, SOCS3, PTPN2, AKT1, PIK3CB, PIK3R3"
"hsa05134","Legionellosis",1.79006923837784,10,0.1275,1.17298082198364e-07,0.000431706928413949,"RELA, BCL2L13, SAR1B, C3, EEF1A2, HSF1","CASP7, ARF1, RAB1A, RAB1B, SAR1A, VCP, CYCS, EEF1A1, HSPA1L, HSPA8"
"hsa04510","Focal adhesion",1.44360422449826,10,0.1425,2.08349295004087e-07,1.76374218240018e-06,"ITGB3, ITGB6, ITGA5, FLNB, PPP1R12C, PARVB, VASP, SRC, FYN, COL6A2, FN1, TNC, LAMB2, LAMB3, LAMC2, THBS1, TNXB, BIRC2, BIRC3, XIAP, CCND1, CCND3, BRAF, EGFR, PDGFB, VEGFA, SHC2, GSK3B","ITGB5, MYL12B, DIAPH1, PPP1R12A, PPP1CC, AKT1, PTEN, PIK3CB, PIK3R3, ACTN1, RHOA, COL2A1, MAPK1, EGF, RAP1B, VAV3, CTNNB1, ACTB, ACTG1, EMP2"
"hsa04922","Glucagon signaling pathway",1.63863661341406,10,0.1075,2.15320288555238e-07,4.30230933241607e-05,"PRKACA, PYGB, PLCB4, ATF4, CREBBP, PCK2, PHKA1, PPP3CA, PRKAA2, PRKAB1, PRKAB2, CAMK2D, ITPR3, PPARA","PDHA1, PDHB, PKM, PGAM1, PLCB1, CREB3L2, AKT1, CPT1A, CALM1, CALM2, CALM3, ACACA, CAMK2G, LDHA, LDHB"
"hsa04936","Alcoholic liver disease",1.27509527549892,10,0.0175,2.83414256851401e-07,0.00931435481870316,"TRAF3, IRAK1, RELA, PRKAA2, PRKAB1, PRKAB2, FOXO3, ADIPOR1, TAB3, CCND1, GSK3B, C3, C5AR1, ALDH2, PPARA","ADIPOR2, ACACA, CPT1A, FASN, SCD, AKT1, MAP2K4, IKBKB, NOX4, CTNNB1, ADH5, ALDH9A1, ALDH3A2, LPIN1, TRA2A, TRA2B"
"hsa05226","Gastric cancer",1.42824673274828,10,0.1375,2.87052251706509e-07,0.000141653637691025,"BRAF, MAP2K2, SHC2, CCND1, MYC, CSNK1A1, AXIN1, GSK3B, DVL3, TP53, CDKN1A, GADD45A, GADD45B, TGFB1, E2F2, FGF2, FGF21, CDKN2B, EGFR","MAPK1, PIK3CB, PIK3R3, AKT1, AXIN2, CTNNB1, LRP5, FZD2, FZD3, FZD4, WNT5A, TGFB2, TGFBR2, CTNNA1, CDKN1B, FGFR2, EGF"
"hsa03430","Mismatch repair",2.67537522040167,10,0.115,3.05054287694046e-07,0.000101270564262811,"LIG1, PMS2","MSH2, PCNA, RPA1, RPA3, MSH6, MSH3, RFC3, RFC5, SSBP1"
"hsa05211","Renal cell carcinoma",1.80450528062283,10,0.05,3.1779366513711e-07,0.000120626782927174,"TGFB1, VEGFA, CREBBP, VHL, EPAS1, TGFA, PDGFB, FLCN, MAP2K2, BRAF, TFE3, CDKN1A","TGFB2, CUL2, FH, RAP1B, AKT1, PIK3CB, PIK3R3, MAPK1"
"hsa04015","Rap1 signaling pathway",1.28432901350451,10,0.0425,3.8628691745915e-07,2.83723268405325e-05,"MAP2K2, CSF1, FGF2, FGF21, PDGFB, VEGFA, EGFR, EPHA2, VASP, BRAF, ADORA2A, ADORA2B, PLCB4, ARAP3, SRC, ADCY3, ADCY7, ADCY9, ITGB3, THBS1","MAPK1, RAP1B, EGF, FGFR3, FGFR2, KIT, PFN2, ACTB, ACTG1, RAPGEF3, RALA, F2R, PLCB1, CTNNB1, VAV3, RHOA, FARP2, GNAI3, PIK3CB, PIK3R3, AKT1, CALM1, CALM2, CALM3, PRKCI"
"hsa05224","Breast cancer",1.35853468984033,10,0.1275,4.17036372949423e-07,0.000129718567982118,"EGFR, BRAF, MAP2K2, SHC2, CCND1, MYC, CSNK1A1, AXIN1, GSK3B, DVL3, CDK4, E2F2, CDKN1A, FGF2, FGF21, TP53, GADD45A, GADD45B","MAPK1, PIK3CB, PIK3R3, AKT1, PTEN, AXIN2, CTNNB1, LRP5, FZD2, FZD3, FZD4, WNT5A, KIT, EGF, HES5, HEY2"
"hsa04310","Wnt signaling pathway",1.51283367237121,10,0.1175,4.64802140548326e-07,1.69159761658689e-05,"PPP3CA, CAMK2D, PLCB4, DVL3, VANGL2, CCND1, CCND3, FOSL1, MYC, TLE2, CREBBP, CHD8, CSNK1A1, TBL1X, TBL1XR1, SIAH1, TP53, AXIN1, PRKACA, GSK3B, CSNK1E, PORCN","CAMK2G, PLCB1, FZD2, FZD3, FZD4, WNT5A, RHOA, DAAM1, VANGL1, SOX17, CUL1, SKP1, CACYBP, AXIN2, CTNNB1, DKK2, LRP5, SFRP1, LGR4, LGR5, CCAR2"
"hsa04657","IL-17 signaling pathway",1.13211224153361,10,0.03,4.69896355813921e-07,0.0101363990040395,"TAB3, RELA, JUND, FOSL1, TRAF3, GSK3B, LCN2","IKBKB, IL17RB, HSP90AA1, HSP90AB1, HSP90B1, ELAVL1, SRSF1, MAPK1, MAPK6, USP25"
"hsa04613","Neutrophil extracellular trap formation",1.39849159248269,10,0.0725,5.28511172842666e-07,0.00120089887055529,"SRC, PLCB4, MAP2K2, HDAC5, NCF2, C3, C5AR1, RELA, ITGB3","SYK, PIK3CB, PIK3R3, PLCB1, MAPK1, AKT1, HMGB1, HDAC1, HDAC2, HDAC8, HAT1, SLC25A5, SLC25A6, VDAC1, VDAC3, ACTB, ACTG1"
"hsa01240","Biosynthesis of cofactors",1.67818991097923,10,0.0128191489361702,7.06307410252668e-07,0.000181573317899504,"GCLC, FLAD1, NMNAT3, NADK2, BCAT1, COASY, GCH1, MTHFD1, MTHFD2, SHMT2, FECH, ALAS1, GGCX, NQO1, PMM1, GUSB, NME6, PSAT1, GSS, ALDH2","UMPS, NMNAT2, QPRT, DHFR, GGH, SPR, MOCS2, GPHN, SHMT1, ALAD, MAT2B, COQ7, UGP2, UGDH, UGT2B7, DLD, TPK1, ALDH3A2, RDH11"
"hsa05221","Acute myeloid leukemia",1.67818991097923,10,0.0437765957446808,7.14212826669909e-07,0.000958430215862533,"RARA, RUNX1, MYC, RELA, STAT5A, CCNA1, CCND1, EIF4EBP1, MAP2K2, BRAF, DUSP6","CCNA2, IKBKB, KIT, AKT1, PIK3CB, PIK3R3, MAPK1"
"hsa00513","Various types of N-glycan biosynthesis",1.8180390702275,10,0.005,7.31743009506621e-07,0.0112598284038495,"B4GALT1, MAN2A2, MAN2A1","MAN1A1, ALG12, ALG14, DAD1, STT3B, OSTC, TMEM258, MGAT2, FUT8, B4GALT2"
"hsa04910","Insulin signaling pathway",1.51774281354711,10,0.100531914893617,7.42176547824555e-07,4.0827863180953e-05,"PTPN1, SOCS4, SOCS2, MKNK2, PRKAA2, PRKAB1, PRKAB2, PHKA1, PRKACA, EIF4EBP1, PYGB, MAP2K2, SHC2, TSC2, BRAF, PCK2, GSK3B, HKDC1, FLOT1","IKBKB, SOCS1, SOCS3, MAPK1, FASN, PPP1CC, CALM1, CALM2, CALM3, ACACA, EIF4E, EIF4E2, AKT1, PIK3CB, PIK3R3, PRKCI"
"hsa04666","Fc gamma R-mediated phagocytosis",1.15737235239947,10,0.02,1.23752058164698e-06,0.0162412674194941,"HCK, LYN, PLA2G4C, JMJD7-PLA2G4B, VASP, ASAP1, ARF6","SYK, PIK3CB, PIK3R3, MAPK1, AKT1, VAV3, ACTR3, ACTR2, CFL1, CFL2, MARCKSL1"
"hsa05218","Melanoma",1.51836230040978,10,0.1025,1.98306955206569e-06,0.000216713724290866,"BRAF, CDK4, CCND1, EGFR, FGF2, FGF21, PDGFB, CDKN1A, TP53, E2F2, MAP2K2, GADD45A, GADD45B","PTEN, EGF, AKT1, PIK3CB, PIK3R3, MAPK1"
"hsa01212","Fatty acid metabolism",2.12570722057369,10,0.045,2.11742790590878e-06,0.00130981335998524,"ACSF3","FASN, CBR4, ELOVL6, TECR, ACAA2, ACAA1, ACAT2, HADHA, HADH, SCD, FADS2, ACADSB, SCP2, HSD17B4, ACACA, ACSL1, ACSL3, CPT1A"
"hsa04921","Oxytocin signaling pathway",1.66070876607319,10,0.14,2.26296587618179e-06,3.98731201460145e-05,"ITPR3, ADCY3, ADCY7, ADCY9, PRKACA, PLCB4, MAP2K2, PLA2G4C, JMJD7-PLA2G4B, EEF2, CAMK2D, PPP1R12C, CACNG8, CACNB1, NPR2, PRKAA2, PRKAB1, PRKAB2, MAP2K5, PPP3CA, CCND1, SRC, EGFR, CDKN1A","CALM1, CALM2, CALM3, PLCB1, MAPK1, CAMK2G, MYL6, ACTB, ACTG1, RHOA, PPP1R12A, PPP1CC, CACNG4, GNAI3"
"hsa00970","Aminoacyl-tRNA biosynthesis",1.72122042151716,9,0.005,2.85754615409893e-06,0.0033321211623598,"PARS2","IARS2, HARS2, FARSB, DARS2, LARS2, YARS2, GATB"
"hsa04962","Vasopressin-regulated water reabsorption",1.69119913509535,10,0.02,2.93076250157091e-06,0.00929608065185055,"ADCY3, ADCY9, PRKACA, VAMP2, DYNLL2","CREB3L2, ARHGDIB, RAB11A, RAB11B, DCTN1, DYNC1I2, DYNC1LI1, DYNLL1"
"hsa01210","2-Oxocarboxylic acid metabolism",2.03416958906573,10,0.0259882276703748,3.00023442627605e-06,0.000436851343064115,"GOT1, GPT2, BCAT1, BCKDHA","GOT2, IDH2, DLD, OGDH, OGDHL, DLAT, PDHA1, PDHB"
"hsa00280","Valine, leucine and isoleucine degradation",2.11327618419607,10,0.03,3.41907168202086e-06,0.0024426137446927,"BCKDHA, BCAT1, ALDH2, ACSF3","DLD, ACAT2, HMGCS1, OXCT1, HADHA, ACAA2, ACAA1, ACADSB, ALDH9A1, ALDH3A2, HADH, HIBCH, AACS"
"hsa05110","Vibrio cholerae infection",1.99784513211813,10,0.05,3.42102192610556e-06,0.000400405284285572,"ATP6V1A, TJP1, PRKACA, SEC61A1, ADCY3, ADCY9","ARF1, ATP6V0E2, ATP6V1D, ATP6V1C1, ATP6V0D1, SEC61B, ACTB, ACTG1, PDIA4"
"hsa04380","Osteoclast differentiation",1.35337896046712,9,0.01,4.41934824947316e-06,0.0175713083421046,"CSF1, RELA, TYK2, FYN, IL1A, IFNGR1, JUNB, JUND, FOSL1, PPP3CA, ITGB3, FHL2, PPARG, TGFB1, RELB, SQSTM1, NCF2, ITPR3, ATP2A3","IKBKB, IFNAR1, PIK3CB, PIK3R3, AKT1, SYK, SOCS1, SOCS3, TGFB2, TGFBR2, MAPK1"
"hsa05164","Influenza A",1.31622738116018,10,0.075,5.66975720782003e-06,0.000294473164908619,"TRIM25, RELA, NFKBIB, CREBBP, IRF7, TYK2, ADAR, IL1A, TNFRSF10A, MAP2K2, NXF1, IFNGR1, TRAF3, CCND3, CDK4, CALCOCO2","IKBKB, PIK3CB, PIK3R3, AKT1, IFNAR1, SOCS3, EIF2S1, SLC25A5, SLC25A6, VDAC1, KPNA2, XPO1, MAPK1, ACTB, ACTG1, FDPS, NUP98, RAB11A, RAB11B, CYCS"
"hsa04660","T cell receptor signaling pathway",1.07953736963576,10,0.02,5.83859406683107e-06,0.0435454563001728,"CDK4, NFKBIB, RELA, RASGRP1, PPP3CA, FYN, CD8A, MAP2K2, GSK3B, PPP2R5B","IKBKB, AKT1, PIK3CB, PIK3R3, VAV3, RHOA, MAPK1, PPP2CA, PPP2R1A, PPP2R1B, PPP2R3A, PPP2R5D"
"hsa04142","Lysosome",1.49759729588698,10,0.01,6.46571998055775e-06,0.00321463982381148,"TPP1, GLB1, GAA, MANBA, MAN2B1, GUSB, IDUA, ARSG, ARSA, DNASE2, AGA, LAMP3, LAMP1, SCARB2, SLC11A2, MFSD8, AP1M2, AP3S2, AP3M2, GGA1, DMXL2","ATP6V0D1, GLA, GNPTAB, GM2A, SORT1, CLTA, CLTC, AP1S3, AP1G1, GGA2, AP4B1, AP4M1, HYAL2"
"hsa04020","Calcium signaling pathway",1.21081523158674,10,0.01,6.51913824619565e-06,0.0102048007072618,"ITPKA, ADCY3, CAMK2D, PPP3CA, EGFR, GRIN2D, P2RX4, P2RX7, ITPR3, PHKA1, PLCB4, ORAI2, ORAI1, LTB4R2, PTGER3, ADCY7, ADCY9, ATP2A3, ADORA2A, ADORA2B, PRKACA, STIM1, FGF2, FGF21, PDGFB, TGFA, VEGFA","VDAC1, VDAC3, CAMK2G, FGFR3, FGFR2, NTRK2, PLCD3, PLCB1, CHRM3, F2R, GRM1, AVPR1B, CXCR4, CALM1, CALM2, CALM3, SLC25A5, SLC25A6, ATP2B1, ATP2B4, STIM2, EGF, C4orf3"
"hsa04022","cGMP-PKG signaling pathway",1.40800514073087,10,0.0575,7.08190458682579e-06,8.47532853906177e-05,"ITPR3, NPR2, PDE5A, PLCB4, PPP3CA, MEF2A, MEF2D, ATP2A3, MAP2K2, ATF4, VASP, ATP1B1, ADCY3, ADCY7, ADCY9, PDE2A, GNA13","PPP1R12A, PPP1CC, ADRA2A, PLCB1, RHOA, MAPK1, CREB3L2, ATP2B1, ATP2B4, GTF2I, AKT1, SLC25A5, SLC25A6, VDAC1, VDAC3, CALM1, CALM2, CALM3, GNAI3, ADORA1"
"hsa03440","Homologous recombination",1.51188280268399,10,0.025,7.28972272825186e-06,0.00310436946615622,"RAD50, XRCC3, MUS81, RBBP8, BRIP1","BLM, RPA1, RPA3, SSBP1, BARD1"
"hsa04728","Dopaminergic synapse",1.31336601728809,10,0.035,8.11824224580019e-06,0.0013789715826957,"PRKACA, PLCB4, ITPR3, GNB2, GSK3B, ATF4, PPP3CA, CAMK2D, PPP2R5B, KIF5C","PLCB1, MAOA, GNAI3, GNG10, AKT1, CREB3L2, CAMK2G, ARRB1, PPP2CA, PPP2R1A, PPP2R1B, PPP2R3A, PPP2R5D, PPP1CC, CALM1, CALM2, CALM3"
"hsa01524","Platinum drug resistance",1.99784513211813,10,0.105,1.00959927614353e-05,0.000484937986281285,"TP53, BIRC2, BIRC3, XIAP, PMAIP1, BBC3, SLC31A1, ATP7B, CDKN1A","BIRC5, CYCS, GSTP1, MGST1, MGST2, MGST3, GSTO1, TOP2A, TOP2B, MSH2, MSH6, MSH3, PIK3CB, PIK3R3, AKT1, MAPK1"
"hsa04720","Long-term potentiation",1.9257917011237,10,0.0386170212765957,1.21036567750313e-05,0.00339356511689681,"CREBBP, CAMK2D, PPP3CA, RPS6KA2, ATF4, GRIN2D, PRKACA, MAP2K2, BRAF, PLCB4, ITPR3","CAMK2G, CALM1, CALM2, CALM3, PPP1CC, RAPGEF3, MAPK1, RAP1B, GRM1, PLCB1"
"hsa04966","Collecting duct acid secretion",1.50606786882751,1,0.00531914893617021,1.28511433506419e-05,1.28511433506419e-05,"ATP6V1A, SLC12A7","ATP6V0E2, ATP6V1D, ATP6V1C1, ATP6V0D1, CA2"
"hsa05135","Yersinia infection",1.1635450049456,10,0.0625,1.3073000666561e-05,0.000627472570015739,"SRC, FN1, WIPF1, ARF6, PKN1, RPS6KA2, ITGA5, RELA, IRAK1, MAP2K2, GSK3B, CD8A","ACTR3, ACTR2, ACTB, ACTG1, RHOA, BAIAP2, SKAP2, VAV3, IKBKB, MAP2K4, MAPK1, PIK3CB, PIK3R3, AKT1"
"hsa04917","Prolactin signaling pathway",1.44087012558823,10,0.0125,1.38611032939351e-05,0.0154107068753883,"MAP2K2, STAT5A, SHC2, SRC, FOXO3, SOCS4, SOCS7, SOCS2, CCND1, GSK3B, RELA","AKT1, PIK3CB, PIK3R3, MAPK1, SOCS1, SOCS3"
"hsa04933","AGE-RAGE signaling pathway in diabetic complications",1.22944315822654,3,0.0101522842639594,1.92204263787378e-05,0.020825560754863,"RELA, IL1A, STAT5A, CCND1, CDK4, VEGFA, PLCB4, TGFB1, FN1","NOX4, MAPK1, TGFB2, TGFBR2, AKT1, DIAPH1, PIK3CB, PIK3R3, PLCD3, PLCB1, CDKN1B"
"hsa04213","Longevity regulating pathway - multiple species",1.96824742645712,10,0.0554187817258883,1.93940714222997e-05,0.00046380365705329,"FOXO3, PRKACA, ADCY3, ADCY7, ADCY9, PRKAA2, PRKAB1, PRKAB2, SOD2","AKT1, PIK3CB, PIK3R3, EIF4EBP2, SOD1, HSPA1L, HSPA8, CAT, HDAC1, HDAC2"
"hsa04972","Pancreatic secretion",1.14285334439446,10,0.0175,2.02343859661494e-05,0.0162179531648876,"PLCB4, ITPR3, ATP1B1, SLC9A1, PLA2G12A, ATP2A3, ADCY3, ADCY7, ADCY9","CHRM3, PLCB1, ATP2B1, ATP2B4, CA2, RAB8A, RAB11A, RAB3D, RAP1B, RHOA"
"hsa04725","Cholinergic synapse",1.3009224116118,7,0.005,2.14495413631732e-05,0.000490679286573766,"ADCY3, ADCY7, ADCY9, PRKACA, PLCB4, ITPR3, GNB2, ATF4, CAMK2D, FYN","PLCB1, GNAI3, GNG10, CHRM3, MAPK1, CREB3L2, CAMK2G, PIK3CB, PIK3R3, AKT1"
"hsa04662","B cell receptor signaling pathway",1.17767713051174,8,0.005,2.4105062207698e-05,0.0486024155999462,"NFKBIB, RELA, GSK3B, IFITM1, PPP3CA, LYN, MAP2K2, DAPP1","IKBKB, AKT1, VAV3, PIK3CB, PIK3R3, SYK, MAPK1, BANK1"
"hsa05145","Toxoplasmosis",1.34022110946258,10,0.0225,2.44462554144001e-05,0.00657440167938392,"IRAK1, NFKBIB, RELA, BIRC2, BIRC3, XIAP, LAMB2, LAMB3, LAMC2, IFNGR1, CD40, TGFB1, TYK2","IKBKB, MAPK1, GNAI3, SOCS1, CYCS, AKT1, HSPA1L, HSPA8, LDLR, TGFB2"
"hsa04918","Thyroid hormone synthesis",1.31622738116018,10,0.0175,2.77862971317454e-05,0.00423134237436533,"PRKACA, PLCB4, ADCY3, ADCY7, ADCY9, ATP1B1, ATF4, ITPR3, GPX8","TSHR, PLCB1, TTF1, CREB3L2, HSPA5, HSP90B1, PDIA4"
"hsa05170","Human immunodeficiency virus 1 infection",1.13775587185032,10,0.0575,2.80874756181945e-05,0.000761703929301079,"RELA, MAP2K2, HLA-A, HLA-B, GNB2, PPP3CA, TAP2, ITPR3, IRAK1, AP1M2","AKT1, PIK3CB, PIK3R3, MAPK1, IKBKB, CYCS, GNG10, CALM1, CALM2, CALM3, GNAI3, CXCR4, CALR, CDK1, CHEK1, CDC25C, CCNB1, CCNB2, CFL1, CFL2, TRIM5, CUL4B, AP1S3, AP1G1, SKP1, CUL1"
"hsa05152","Tuberculosis",1.00490413831092,10,0.0175,3.27531953788059e-05,0.0455423149073771,"MRC2, LAMP1, CAMK2D, PPP3CA, CREBBP, RFXANK, RELA, IL1A, KSR1, VDR, RIPK2, SRC, IFNGR1, HSPA9, TGFB1, IRAK1, C3","ATP6V0D1, EEA1, CALM1, CALM2, CALM3, CAMK2G, CORO1A, MAPK1, AKT1, CYCS, RHOA, SYK, TGFB2"
"hsa03450","Non-homologous end-joining",2.58183063227574,10,0.03,3.72800017235121e-05,0.0153468793010938,"POLL, RAD50","XRCC5, XRCC4, XRCC6, FEN1"
"hsa04820","Cytoskeleton in muscle cells",1.10303562223987,10,0.0201522842639594,4.12874652621127e-05,0.00361863740858042,"SGCG, ITGA5, ITGB3, ITGB6, ATP1B1, PLEC, SYNE3, EMD, COL6A2, FN1, FBN1, THBS1, HSPG2, NID1, BGN, SDC4, FHL2, FHL3, FLNC, OBSCN, SNTB1","DAG1, ITGB5, LMNB1, LMNB2, LBR, SUN2, COL5A2, FBN2, SDC2, CAPZA1, CAPZA2, DIAPH1, DAAM1, DIAPH3, ENO1, ANKRD2, MYH10, ACTB, ACTG1, SNTB2, ANK3"
"hsa04668","TNF signaling pathway",1.16310191850046,5,0.0159574468085106,4.61876954900071e-05,0.0459221012458733,"BIRC2, BIRC3, RELA, ATF4, TRAF3, TAB3, ITCH, XIAP, CSF1, IL18R1, JUNB","MAP2K4, IKBKB, MAPK1, CREB3L2, PIK3CB, PIK3R3, AKT1, DNM1L, CASP7, SOCS3"
"hsa05142","Chagas disease",1.15339512782078,10,0.015,4.62260275663029e-05,0.0116534962018389,"C3, IRAK1, RELA, IFNGR1, PLCB4, TGFB1","CALR, MAP2K4, MAPK1, IKBKB, TGFBR2, GNAI3, PLCB1, PIK3CB, PIK3R3, AKT1, TGFB2, PPP2CA, PPP2R1A, PPP2R1B"
"hsa04620","Toll-like receptor signaling pathway",0.807376589474543,3,0.0101522842639594,4.62260275663029e-05,0.0074788801961321,"IRAK1, TRAF3, IRF7, CD40, RELA, MAP2K2, TYK2","MAPK1, IKBKB, AKT1, PIK3CB, PIK3R3, IFNAR1, MAP2K4"
"hsa03410","Base excision repair",1.86465545664359,10,0.0225,4.7138342747438e-05,0.00196082580353138,"LIG1, MUTYH, POLL","APEX1, FEN1, POLB, PCNA, NTHL1, HMGB1, PARP1, TDG, RFC3, RFC5, TDP1"
"hsa04550","Signaling pathways regulating pluripotency of stem cells",1.49457116753875,10,0.0275,5.21353858076278e-05,0.0127395688734399,"AXIN1, DVL3, GSK3B, IL6ST, KLF4, INHBA, INHBE, ACVR1B, ACVR2B, BMP4, ACVR1, MAP2K2, FGF2, SMAD1, MYC, SKIL, PCGF2, PCGF5","WNT5A, AXIN2, FZD2, FZD3, FZD4, CTNNB1, PIK3CB, PIK3R3, AKT1, BMPR1A, MAPK1, SOX2, FGFR3, FGFR2, ID2, ID4, MEIS1"
"hsa04931","Insulin resistance",1.41261777018454,10,0.0403045685279188,5.34013159117692e-05,0.00592780446514232,"GSK3B, RELA, PTPN1, RPS6KA2, PCK2, PPARA, TRIB3, NR1H2, PYGB, GFPT1, GFPT2, OGT, PRKAA2, PRKAB1, PRKAB2","SLC27A3, IKBKB, PIK3CB, PIK3R3, AKT1, SOCS3, PPP1CC, PTEN, CREB3L2, CPT1A"
"hsa00071","Fatty acid degradation",1.86465545664359,10,0.025,5.75615377825053e-05,0.00224067409376084,"ECI1, ALDH2","HADH, HADHA, ACAT2, ACAA2, ACAA1, ADH5, ACSL1, ACSL3, CPT1A, ALDH9A1, ALDH3A2, ACADSB"
"hsa04916","Melanogenesis",1.48775701327946,10,0.015,6.017333199131e-05,0.0143641326380001,"DVL3, PRKACA, CAMK2D, PLCB4, CREBBP, ADCY3, ADCY7, ADCY9, GSK3B, MC1R, MAP2K2","CAMK2G, CALM1, CALM2, CALM3, GNAI3, KIT, FZD2, FZD3, FZD4, PLCB1, CREB3L2, CTNNB1, WNT5A, MAPK1"
"hsa05120","Epithelial cell signaling in Helicobacter pylori infection",1.16888849520941,5,0.01,6.04436238281748e-05,0.0167891305986932,"ATP6V1A, RELA, ADAM17, TJP1, EGFR, LYN, SRC, GIT1","MAP2K4, IKBKB, ATP6V0E2, ATP6V1D, ATP6V1C1, ATP6V0D1"
"hsa04072","Phospholipase D signaling pathway",1.38828362465435,10,0.01,6.64470257303325e-05,0.00848353548679118,"MAP2K2, SHC2, EGFR, PLCB4, TSC2, GNA13, ADCY3, ADCY7, ADCY9, PLA2G4C, JMJD7-PLA2G4B, DGKE, DGKD, PDGFB, FYN, ARF6, AGPAT1","MAPK1, AKT1, PIK3CB, PIK3R3, KIT, RALA, RHOA, F2R, GRM1, AVPR1B, RAPGEF3, PLCB1, CYTH3, ARF1, EGF, DNM3, SYK"
"hsa00030","Pentose phosphate pathway",2.2375865479723,10,0.0175,7.25022702408027e-05,0.0380064639976307,"PGLS","GPI, PGM2, PRPS2, TKT, RPE, ALDOA, ALDOC, PGD, TALDO1, PGM1, SHPK"
"hsa04330","Notch signaling pathway",1.80144679709635,10,0.02,7.39832211752692e-05,0.00469764620208995,"NCSTN, TLE2, NCOR2, CREBBP, ADAM17, DTX2, DTX3, DVL3, RFNG, ATXN1, ITCH","HDAC1, HDAC2, CIR1, HES5, SNW1, DTX4, LFNG, HEY2"
"hsa04670","Leukocyte transendothelial migration",1.27387352978621,10,0.0225,7.81265176169177e-05,0.00397845204724138,"OCLN, CLDN4, CLDN15, CLDN12, CLDN1, NCF2, VASP","CD99L2, PIK3CB, PIK3R3, CTNNB1, ACTB, ACTG1, MYL12B, RHOA, CTNNA1, RAP1B, VAV3, EZR, RAPGEF3, CXCR4, GNAI3, ACTN1"
"hsa03022","Basal transcription factors",1.18659892695501,6,0.005,8.9923679308988e-05,0.047852783484839,"GTF2H3","TAF9B, GTF2A1, GTF2I, GTF2E1, ERCC3, MNAT1"
"hsa04721","Synaptic vesicle cycle",1.01002170568194,2,0.00781914893617021,9.32414495228741e-05,0.00431482874245149,"VAMP2, ATP6V1A, SLC6A9","RAB3A, CLTA, CLTC, AP2M1, DNM3, ATP6V0E2, ATP6V1D, ATP6V1C1, ATP6V0D1, SLC1A1"
"hsa04625","C-type lectin receptor signaling pathway",0.962402816332174,10,0.015,9.78068431455322e-05,0.0422696920992669,"KSR1, SRC, RELA, PPP3CA, ITPR3, RELB","SYK, IKBKB, RHOA, MAPK1, PIK3CB, PIK3R3, AKT1, CALM1, CALM2, CALM3"
"hsa04750","Inflammatory mediator regulation of TRP channels",1.20300352041522,9,0.0050761421319797,9.78068431455322e-05,0.0478936026129587,"PLA2G4C, JMJD7-PLA2G4B, PLCB4, ADCY3, ADCY7, ADCY9, PRKACA, CAMK2D, SRC, ITPR3, CYP2J2","P2RY2, PLCB1, CAMK2G, PIK3CB, PIK3R3, PPP1CC, CALM1, CALM2, CALM3"
"hsa04730","Long-term depression",1.64528422645022,10,0.0125761421319797,9.81818026554992e-05,0.0301791494036759,"PLCB4, PLA2G4C, JMJD7-PLA2G4B, GNA13, MAP2K2, BRAF, LYN, ITPR3","PLCB1, GNAI3, GRM1, MAPK1, PPP2CA, PPP2R1A, PPP2R1B"
"hsa04340","Hedgehog signaling pathway",1.75496984154691,10,0.0675,0.000101511784499133,0.000594685127942015,"CSNK1A1, CSNK1E, GSK3B, PRKACA, GLI1, KIF7, CCND1","SMO, GPR161, CUL1, SUFU, GAS1, CDON, BOC, ARRB1, CUL3"
"hsa04612","Antigen processing and presentation",1.13775587185032,10,0.062994923857868,0.000106060635595276,0.000417377094705722,"RFXANK, CD8A, HLA-A, HLA-B, TAP2","CALR, HSPA5, HSP90AA1, HSP90AB1, HSPA1L, HSPA2, HSPA8"
"hsa04270","Vascular smooth muscle contraction",1.42302653270169,10,0.03,0.000108896561104858,0.00354029020074985,"PPP1R12C, ARHGEF11, GNA13, PLCB4, ITPR3, PLA2G12A, PLA2G4C, JMJD7-PLA2G4B, BRAF, MAP2K2, ADORA2A, ADORA2B, ADCY3, ADCY7, ADCY9, PRKACA, NPR2, CALCB","MYL6, PPP1R12A, PPP1CC, RHOA, PLCB1, CALM1, CALM2, CALM3, MAPK1, AVPR1B, MYH10"
"hsa05140","Leishmaniasis",1.06943474719265,1,0.00531914893617021,0.000113791102964606,0.000113791102964606,"C3, NFKBIB, RELA, IL1A, TGFB1, EEF1A2, IRAK1, IFNGR1, NCF2","TGFB2, EEF1A1, MAPK1, MARCKSL1"
"hsa05412","Arrhythmogenic right ventricular cardiomyopathy",1.27457461593359,10,0.0103952910681499,0.000113892495794978,0.00787548033040298,"CACNG8, CACNB1, ATP2A3, EMD, ITGA5, ITGB3, ITGB6, SNTB1, SGCG","CACNG4, DAG1, ITGB5, ACTB, ACTG1, CTNNA1, CTNNB1, GJA1, SNTB2"
"hsa04971","Gastric acid secretion",1.86465545664359,10,0.0529187817258883,0.000132207923519384,0.000559189174744626,"ADCY3, ADCY7, ADCY9, PRKACA, PLCB4, ITPR3, ATP1B1, SLC9A1, CAMK2D","CHRM3, PLCB1, SLC26A7, EZR, CA2, GNAI3, ACTB, ACTG1, CALM1, CALM2, CALM3, CAMK2G"
"hsa04211","Longevity regulating pathway",2.04657306216979,10,0.055,0.000132985506448513,0.00232100724911091,"FOXO3, PRKACA, ADCY3, ADCY7, ADCY9, PRKAA2, PRKAB1, PRKAB2, ATF4, SOD2, TSC2, EIF4EBP1, TP53, SESN2, ADIPOR1, RELA, PPARG, RB1CC1, ATG13, ATG101","AKT1, PIK3CB, PIK3R3, CREB3L2, EIF4E, EIF4E2, ADIPOR2, CAT, EHMT2, EHMT1"
"hsa04261","Adrenergic signaling in cardiomyocytes",1.41936460132572,10,0.02,0.000136822579571165,0.00671323917813954,"CACNG8, CACNB1, ATP2A3, ATP1B1, SLC9A1, ADCY3, ADCY7, ADCY9, PRKACA, ATF4, PPP2R5B, CAMK2D, PLCB4, CREM","CACNG4, GNAI3, AKT1, MAPK1, CREB3L2, SCN1B, PPP1CC, PPP2CA, PPP2R1A, PPP2R1B, PPP2R3A, PPP2R5D, CALM1, CALM2, CALM3, CAMK2G, PLCB1, RAPGEF3, ATP2B1, ATP2B4"
"hsa04136","Autophagy - other",1.0827031683737,2,0.00503807106598985,0.000138394273139923,0.00447854944612528,"ATG13, ATG101, WIPI1","PPP2CA, PIK3R4, GABARAPL2"
"hsa04935","Growth hormone synthesis, secretion and action",1.35928154783364,7,0.005,0.000142797776376303,0.000689359211624341,"ITPR3, PLCB4, ADCY3, ADCY7, ADCY9, MAP2K2, PRKACA, ATF4, GSK3B, SOCS2, JUNB, STAT5A, SHC2, CREBBP","PLCB1, MAPK1, CREB3L2, PIK3CB, PIK3R3, AKT1, SOCS1, SOCS3, MAP3K1, GNAI3, MAP2K4, IGFBP3"
"hsa05414","Dilated cardiomyopathy",1.22368014342235,10,0.005,0.000142825146083311,0.0321403841895526,"CACNG8, CACNB1, ATP2A3, ITGA5, ITGB3, ITGB6, EMD, ADCY3, ADCY7, ADCY9, PRKACA, TGFB1, SNTB1, SGCG","CACNG4, ITGB5, DAG1, ACTB, ACTG1, TGFB2, SNTB2"
"hsa00511","Other glycan degradation",1.49172436531487,7,0.005,0.000144248397841525,0.0194783937151836,"GLB1, MAN2B1, AGA, MANBA",""
"hsa04071","Sphingolipid signaling pathway",1.28301980961715,10,0.0225,0.000146189366520208,0.0028235446335355,"MAP2K2, GNA13, PLCB4, CERS5, NSMAF, ASAH2, PPP2R5B, TP53, SGPL1, RELA, FYN","MAPK1, AKT1, PIK3CB, PIK3R3, GNAI3, PLCB1, RHOA, PTEN, PPP2CA, PPP2R1A, PPP2R1B, PPP2R3A, PPP2R5D, ADORA1"
"hsa04970","Salivary secretion",1.09150563315722,10,0.0179787234042553,0.000147272280610522,0.00756458320513533,"ADCY3, ADCY7, ADCY9, PRKACA, VAMP2, PLCB4, ITPR3, ATP1B1, SLC9A1","CHRM3, PLCB1, ATP2B1, ATP2B4, CALM1, CALM2, CALM3"
"hsa00640","Propanoate metabolism",1.7360585285992,10,0.045,0.000163966981304344,0.0116678296971621,"BCKDHA","ACACA, HIBCH, LDHA, LDHB, HADHA, SUCLG1, SUCLA2, DLD"
"hsa00330","Arginine and proline metabolism",1.74811449060336,10,0.025,0.00016574119920281,0.000379501074297544,"ARG2, ALDH2, SMOX, PYCR2, PYCR1, P4HA2, GOT1","ALDH9A1, ALDH3A2, AMD1, SMS, MAOA, OAT, ALDH18A1, GOT2"
"hsa04926","Relaxin signaling pathway",1.19529195938691,10,0.0125,0.000167099814379692,0.021236835316923,"RELA, GNB2, ATF4, PRKACA, VEGFA, TGFB1, ADCY3, ADCY7, ADCY9, SRC, MAP2K2, PLCB4, SHC2, EGFR","AKT1, MAPK1, PIK3CB, PIK3R3, GNG10, CREB3L2, GNAI3, PLCB1, TGFBR2, MAP2K4, ARRB1"
"hsa03020","RNA polymerase",1.56631058358061,6,0.0075,0.000177762985138965,0.0199011973953777,"POLR2A, POLR3A, POLR3C, POLR3D, POLR3E, POLR2M","POLR2B"
"hsa04979","Cholesterol metabolism",1.28195062644247,10,0.015,0.000177976467388108,0.00352500062888563,"ANGPTL4, NCEH1, PLTP, LDLRAP1, STARD3, VAPB, LRP1","LDLR, SORT1, VDAC1, VDAC3"
"hsa00670","One carbon pool by folate",2.63245476232036,10,0.0259882276703748,0.000185257163369001,0.000340914646304782,"GART, MTHFD2, MTHFD1, ALDH1L2, SHMT2","DHFR, SHMT1, TYMS"
"hsa04062","Chemokine signaling pathway",0.932327728321794,7,0.01,0.000190426395085735,0.00128946069115526,"CXCL16, HCK, LYN, SRC, PLCB4, SHC2, GNB2, ADCY3, ADCY7, ADCY9, PRKACA, BRAF, RELA, NFKBIB, FOXO3, GSK3B","CXCR4, RHOA, PIK3CB, PIK3R3, PLCB1, GNAI3, GNG10, ARRB1, VAV3, RAP1B, MAPK1, AKT1, IKBKB"
"hsa04664","Fc epsilon RI signaling pathway",1.04886869436202,3,0.0265957446808511,0.000193648672197865,0.0012897951540429,"FYN, LYN, MAP2K2, PLA2G4C, JMJD7-PLA2G4B","AKT1, MAP2K4, PIK3CB, PIK3R3, SYK, MAPK1, VAV3"
"hsa00310","Lysine degradation",1.83075263015916,10,0.0154787234042553,0.000234152790520931,0.0462049439373259,"EZH1, DOT1L, PLOD3, ALDH2, PHYKPL","HADHA, HADH, ACAT2, ALDH9A1, EHMT2, MECOM, EZH2, SETMAR, PRDM2, EHMT1, SETDB2, ALDH3A2, DLD"
"hsa04014","Ras signaling pathway",1.2228670669151,10,0.01,0.000317110966742208,0.0167731422106568,"MAP2K2, SHC2, CSF1, FGF2, FGF21, PDGFB, BDNF, TGFA, VEGFA, EGFR, EPHA2, RELA, PLA2G12A, PLA2G4C, JMJD7-PLA2G4B, ETS2, RASGRP1, RASA4, SYNGAP1, STK4, ARF6, GNB2, BRAP, KSR1, PRKACA, RALGAPA1, RALGAPB","MAPK1, AKT1, PIK3CB, PIK3R3, EGF, NTF3, FGFR3, FGFR2, KIT, NTRK2, RALA, IKBKB, RALBP1, RASAL1, RHOA, RAP1B, CALM1, CALM2, CALM3, GNG10"
"hsa04650","Natural killer cell mediated cytotoxicity",0.856733588187594,7,0.005,0.000327064983753747,0.0302757968803179,"PPP3CA, FYN, IFNGR1, SH3BP2, TNFRSF10A, ULBP1, HLA-B, HLA-A, MAP2K2, BRAF, SHC2","SYK, PIK3CB, PIK3R3, MAPK1, VAV3, IFNAR1"
"hsa04912","GnRH signaling pathway",1.39849159248269,10,0.0175,0.000335864971284014,0.00398452423239621,"ADCY3, ADCY7, ADCY9, PLCB4, ATF4, CAMK2D, PLA2G4C, JMJD7-PLA2G4B, ITPR3, SRC, PRKACA, MAP2K2, EGFR","PLCB1, CAMK2G, MAP3K1, CALM1, CALM2, CALM3, MAPK1, MAP2K4"
"hsa05235","PD-L1 expression and PD-1 checkpoint pathway in cancer",1.0232865310849,9,0.005,0.000347808977976287,0.0370462339168805,"NFKBIB, RELA, RASGRP1, PPP3CA, MAP2K2, EGFR, IFNGR1, BATF3","IKBKB, AKT1, PIK3CB, PIK3R3, MAPK1, EGF, PTEN"
"hsa05410","Hypertrophic cardiomyopathy",1.24310363776239,5,0.005,0.000638767909978963,0.00399972271828237,"CACNG8, CACNB1, ATP2A3, ITGA5, ITGB3, ITGB6, EMD, PRKAA2, PRKAB1, PRKAB2, TGFB1, SNTB1, SGCG","CACNG4, ITGB5, DAG1, TGFB2, ACTB, ACTG1, SNTB2"
"hsa04622","RIG-I-like receptor signaling pathway",1.39849159248269,5,0.0050761421319797,0.000664029586046012,0.0269254389370421,"TRIM25, RNF125, RELA, TRAF3, IRF7, AZI2, NFKBIB, DHX58, SIKE1, ADAR, ZNFX1","TBKBP1, IKBKB, PIN1, DDX3X, MAP3K1"
"hsa05133","Pertussis",1.18182388097129,10,0.01,0.000665880183636501,0.0353079993532424,"RELA, IL1A, ITGA5, C1S, C3, IRAK1","CALM1, CALM2, CALM3, GNAI3, RHOA, CFL1, CFL2, CASP7, MAPK1"
"hsa04659","Th17 cell differentiation",0.94155869592894,6,0.0075,0.000675263381995892,0.0437168859156087,"NFKBIB, RELA, PPP3CA, IFNGR1, STAT5A, IL6ST, RORA, RUNX1, RARA, TGFB1, AHR, TYK2","IKBKB, MAPK1, TGFBR2, HSP90AA1, HSP90AB1"
"hsa05031","Amphetamine addiction",1.26315369643598,9,0.01,0.000755502829358641,0.0391478554039209,"GRIN2D, CAMK2D, PRKACA, ATF4, PPP3CA","MAOA, CALM1, CALM2, CALM3, CAMK2G, CREB3L2, PPP1CC, HDAC1, HDAC2"
"hsa04961","Endocrine and other factor-regulated calcium reabsorption",1.454431256182,10,0.0275,0.000756895875637923,0.0307286809595899,"VDR, PLCB4, PRKACA, ADCY9, ATP1B1","ATP2B1, ATP2B4, CLTA, CLTC, AP2M1, RAB11A, DNM3, PLCB1"
"hsa03250","Viral life cycle - HIV-1",1.72122042151716,10,0.035,0.000786907323694558,0.0253744111693049,"BICD1, MAP1B, MLLT1, CREBBP, SERINC3","PDCD6IP, CXCR4, CPSF6, TRIM5, MAP1A, PPIA, PIN1, XPO1, NELFCD, MLLT3, RAN"
"hsa04392","Hippo signaling pathway - multiple species",1.65747151701652,7,0.005,0.000858900139734337,0.0224131800829566,"SAV1, LATS1, CSNK1E, RASSF6, WTIP","NF2, MOB1A, TEAD2"
"hsa04060","Cytokine-cytokine receptor interaction",0.781510007563856,1,0.00531914893617021,0.000867517007207895,0.000867517007207895,"ACVR2B, ACVR1B, IL6ST, IL18R1, ACVR1, IL1A, AMH, INHBE, INHBA, TGFB1, TNFRSF9, CD40, LTBR, TNFSF14, IFNGR1, IL15RA, CSF2RA, TSLP, OSMR, CXCL16, TNFRSF12A, TNFRSF10A, IL32, CSF1, GDF15, BMP4, BMP8A","BMPR1A, TGFBR2, BMP7, TGFB2, TNFRSF19, IL20RA, IFNAR1, CXCR4, IL17RB, GDF11, LEPR"
"hsa05416","Viral myocarditis",1.4983838490886,10,0.01,0.000985433848650427,0.0410019142269984,"EIF4G3, CCND1, CD40, HLA-A, HLA-B, FYN, SGCG, SNTB1","DAG1, EIF4G1, EIF4G2, CYCS, ACTB, ACTG1, SNTB2"
"hsa01040","Biosynthesis of unsaturated fatty acids",2.03416958906573,6,0.005,0.00101290496355622,0.0389718408991499,"ACOT2","FADS2, TECR, ACAA1, SCP2, HSD17B4, ELOVL6, SCD"
"hsa03060","Protein export",1.39849159248269,10,0.0325,0.0010434535054962,0.00180228869601228,"SEC63, SEC61A1","SRP54, SEC62, SPCS2, SEC61B, HSPA5"
"hsa00062","Fatty acid elongation",1.77989839043252,10,0.015,0.00123447253980857,0.0266612762841927,"ACOT2, THEM4","HADHA, ACAA2, HADH, TECR, ELOVL6"
"hsa00260","Glycine, serine and threonine metabolism",2.20814461970951,2,0.005,0.00132551875887908,0.0226928366407759,"PHGDH, DMGDH, CBS, CTH, PSAT1, PSPH, SHMT2, SDSL, ALAS1, AOC2, AOC3","SHMT1, MAOA, DLD, PGAM1"
"hsa04024","cAMP signaling pathway",1.27629329799391,10,0.0125,0.00139162312808677,0.0473495184914191,"ATP2A3, ATP1B1, SLC9A1, GABBR1, PTGER3, ADCY3, ADCY7, ADCY9, PRKACA, MAP2K2, ARAP3, BRAF, CAMK2D, ADORA2A, RELA, PPARA, CREBBP, SOX9, GRIN2D, ORAI1, AMH, BDNF, GLI1","ADORA1, GABBR2, GNAI3, PIK3CB, PIK3R3, AKT1, MAPK1, CALM1, CALM2, CALM3, RAPGEF3, ATP2B1, ATP2B4, RAP1B, CREB3L2, RHOA, PPP1R12A, CAMK2G, TSHR, PDE4B, HCN2, PPP1CC, F2R, VAV3"
"hsa05217","Basal cell carcinoma",1.62405475256054,9,0.015,0.00161719776644274,0.0202311885315912,"KIF7, GLI1, BMP4, AXIN1, DVL3, GSK3B, TP53, CDKN1A, GADD45A, GADD45B","WNT5A, SUFU, AXIN2, FZD2, FZD3, FZD4, SMO, CTNNB1"
"hsa03018","RNA degradation",1.42068987172845,5,0.005,0.00237825728672702,0.040121400460808,"ZCCHC7, EDC3, PATL1, HSPA9, BTG1, PABPC1, EXOSC6","ENO1, C1D, CNOT2, CNOT7, LSM1, LSM3, XRN2, EDC4, PABPC4L"
"hsa05034","Alcoholism",1.38464514107197,8,0.01,0.00275428922426326,0.0437168859156087,"GRIN2D, PRKACA, ATF4, HDAC5, BDNF, GNB2, ADORA2A, ADORA2B, SLC29A1, BRAF, SHC2","MAOA, PPP1CC, CREB3L2, HDAC1, HDAC2, HDAC8, CALM1, CALM2, CALM3, GNAI3, GNG10, MAPK1, HAT1, NTRK2"
"hsa01523","Antifolate resistance",1.99784513211813,2,0.00503807106598985,0.00294628531510068,0.0177804887876272,"ABCC3, GART, RELA, SHMT2","FOLR1, GGH, TYMS, DHFR, IKBKB, SHMT1"
"hsa04925","Aldosterone synthesis and secretion",1.36438204144653,8,0.0101595744680851,0.00321696735143905,0.0278818191037571,"ITPR3, PLCB4, ATF4, ADCY3, ADCY7, ADCY9, PDE2A, CAMK2D, PRKACA, ORAI1, ATP1B1","PLCB1, CREB3L2, CALM1, CALM2, CALM3, CAMK2G, LDLR, ATP2B1, ATP2B4"
"hsa05323","Rheumatoid arthritis",0.690613132090217,1,0.00531914893617021,0.00426562732899804,0.00426562732899804,"IL1A, TGFB1, CSF1, ATP6V1A, VEGFA","TGFB2, ATP6V0E2, ATP6V1D, ATP6V1C1, ATP6V0D1"
"hsa04215","Apoptosis - multiple species",1.5982761056945,7,0.005,0.00527914950131243,0.0170442279858339,"BIRC2, BIRC3, XIAP, BBC3, PMAIP1","CASP7, CYCS, BIRC5"
"hsa04512","ECM-receptor interaction",1.26530191700815,5,0.005,0.00539790921457598,0.0228502630125122,"LAMB2, LAMB3, LAMC2, COL6A2, TNC, TNXB, FN1, THBS1, ITGB3, SV2A, SDC4, HSPG2, ITGB6, ITGA5, CD44","COL2A1, DAG1, HMMR, ITGB5"
"hsa04929","GnRH secretion",1.56110689393417,6,0.0075,0.00606313351166055,0.00883159363466412,"PLCB4, ITPR3, MAP2K2, GABBR1","PLCB1, PIK3CB, PIK3R3, AKT1, MAPK1, ARRB1, GABBR2, HCN2"
"hsa04976","Bile secretion",0.883257847883804,8,0.005,0.00617309830172223,0.0468681216971114,"SLC9A1, ATP1B1, ADCY3, ADCY7, ADCY9, PRKACA, ABCC3, NCEH1","CA2, UGT2B7, LDLR, HMGCR"
"hsa00480","Glutathione metabolism",1.76106348683005,2,0.0075,0.00698952719018571,0.0467585509733321,"GGT7, GPX8, GSS, GCLC, CHAC1","IDH2, GSTP1, MGST1, MGST2, MGST3, GSTO1, PGD, SMS, RRM1, RRM2, CHAC2, PRDX6"
"hsa04710","Circadian rhythm",1.86465545664359,5,0.0050761421319797,0.00700629378601997,0.0400636724422811,"CSNK1E, NR1D1, NR1D2, RORA, NFIL3, PRKAA2, PRKAB1, PRKAB2","SKP1, CUL1"
"hsa00600","Sphingolipid metabolism",1.16540966040224,2,0.00515957446808511,0.00902981880055138,0.00902981880055138,"ASAH2, CERS5, SMPD4, KDSR, GLB1, SGPL1, ARSA","GLA, B4GALNT1, GM2A"
"hsa04911","Insulin secretion",1.39849159248269,4,0.005,0.00964524715257863,0.0137668353150949,"PLCB4, ADCY3, ADCY7, ADCY9, PRKACA, ATF4, CAMK2D, TRPM4, ATP1B1, VAMP2, ITPR3, PCLO","CHRM3, PLCB1, CREB3L2, CAMK2G, RAB3A"
"hsa04724","Glutamatergic synapse",1.1405174152286,4,0.005,0.0114515368604489,0.0176665428578508,"GRIN2D, ADCY3, ADCY7, ADCY9, SLC38A2, PRKACA, PLCB4, ITPR3, GNB2, PPP3CA, PLA2G4C, JMJD7-PLA2G4B, DLG4, LZTS3","GRM1, SLC1A1, PLCB1, GNAI3, GNG10, GLS2, MAPK1"
"hsa04920","Adipocytokine signaling pathway",1.37697633721373,1,0.005,0.0116721134098965,0.0116721134098965,"RELA, NFKBIB, PCK2, PRKAA2, PRKAB1, PRKAB2, PPARA, ADIPOR1","SOCS3, CPT1A, ACSL1, ACSL3, ADIPOR2, LEPR, IKBKB, AKT1"
"hsa04371","Apelin signaling pathway",1.30826632845155,10,0.0075,0.0125921332425865,0.0476589325069403,"PRKAA2, PRKAB1, PRKAB2, GNB2, MAP2K2, PLCB4, ITPR3, KLF2, CCND1, ADCY3, ADCY7, ADCY9, PRKACA, MEF2A, MEF2D, HDAC5, GNA13, MAP1LC3A, SLC9A1","GNAI3, GNG10, AKT1, MAPK1, PLCB1, PIK3R4, CALM1, CALM2, CALM3, APLN"
"hsa00270","Cysteine and methionine metabolism",2.34166034090125,1,0.0050761421319797,0.0129009038819459,0.0129009038819459,"LACC1, CTH, CBS, SDSL, GOT1, MPST, BCAT1, GCLC, GSS, PHGDH, PSAT1","MRI1, AMD1, MAT2B, GOT2, LDHA, LDHB, SMS"
"hsa04623","Cytosolic DNA-sensing pathway",1.11879327398615,3,0.005,0.0138280146172,0.0488665134126837,"IRF7, RELA, ADAR, NFKBIB, POLR3C, POLR3A, POLR3E, POLR3D, DNASE2","ZBP1, IKBKB, CASP7, PCBP1, G3BP1"
"hsa04370","VEGF signaling pathway",1.18333903979305,4,0.0101142131979695,0.0142449713914086,0.0243799747921836,"PLA2G4C, JMJD7-PLA2G4B, PPP3CA, SRC, SHC2, VEGFA, MAP2K2","AKT1, PIK3CB, PIK3R3, MAPK1"
"hsa00500","Starch and sucrose metabolism",1.64528422645022,3,0.0050761421319797,0.015332568325747,0.0214685632551748,"HKDC1, GAA, PYGB","PGM2L1, UGP2, PGM1, PGM2, GPI, GBE1, AGL"
"hsa04727","GABAergic synapse",1.20950624214719,4,0.005,0.0156301639232834,0.0228332791338871,"GABBR1, ADCY3, ADCY7, ADCY9, GNB2, GABRG1, PRKACA, SRC, SLC38A2","GABBR2, GNAI3, GNG10, GABRA2, GLS2, GPHN, GABARAPL2"
"hsa00230","Purine metabolism",1.21607964563712,2,0.00515957446808511,0.0157552289511544,0.0179523996766731,"GART, PDE2A, ADCY3, ADCY7, ADCY9, LACC1, NME6, NPR2, PDE9A, PDE5A, ADPRM","RRM1, RRM2, PRPS2, PAICS, ENTPD2, PNP, GMPS, HPRT1, PAPSS1, DCK, PGM2, PDE4B, PGM1, ADK"
"hsa04930","Type II diabetes mellitus",1.47209641313967,2,0.00515957446808511,0.0165796972253298,0.0362575005547323,"SOCS4, SOCS2, HKDC1","PKM, PIK3CB, PIK3R3, SOCS1, SOCS3, MAPK1, IKBKB"
"hsa00380","Tryptophan metabolism",1.66307108295239,1,0.005,0.0179943610628263,0.0179943610628263,"CYP1A1, CYP1B1, ALDH2","CAT, HADH, MAOA, ACAT2, HADHA, DLD, ALDH9A1, ALDH3A2"
"hsa00630","Glyoxylate and dicarboxylate metabolism",1.29091531613787,1,0.00531914893617021,0.0190997535989362,0.0190997535989362,"SHMT2","PGP, ACAT2, SHMT1, DLD, CAT"
"hsa00061","Fatty acid biosynthesis",2.09773738872404,7,0.005,0.0200128363741215,0.0450413999830006,"ACSF3","FASN, ACACA, ACSL1, ACSL3, CBR4"
"hsa04070","Phosphatidylinositol signaling system",1.6341924226764,1,0.00531914893617021,0.0216574001566063,0.0216574001566063,"PLCB4, ITPR3, CDIPT, PI4KB, DGKE, DGKD, INPP4A, OCRL, PIP4K2C, INPP1, ITPKA, MTMR14, MTMR3","PTEN, PLCD3, PLCB1, CALM1, CALM2, CALM3, PIK3CB, PIK3R3, PI4KA, PI4K2B, PIP4K2B, IP6K2, SACM1L"
"hsa04713","Circadian entrainment",1.18871785361029,6,0.005,0.0242762923195446,0.035352825866739,"GRIN2D, CAMK2D, PLCB4, GNB2, ITPR3, ADCY3, ADCY7, ADCY9, PRKACA","CALM1, CALM2, CALM3, CAMK2G, PLCB1, GNG10, MAPK1, GNAI3"
"hsa04148","Efferocytosis",1.16540966040224,3,0.005,0.0262349487255651,0.0332573501170731,"MERTK, ITGB3, LRP1, TYRO3, SCARF1, THBS1, PPARG, VPS39, ARG2, ADAM17, MAP2K2, NR1H2, DUSP5, TGFB1, ATP2A3, CAMK2D","ITGB5, CALR, CD24, P2RY2, P2RY6, MAPK1, PBX1, VPS18, RAB14, CPT1A, UQCRFS1, CAMK2G, ATP11C, CASP7"
"hsa04923","Regulation of lipolysis in adipocytes",1.31622738116018,6,0.005,0.0274646795200655,0.0378713540841092,"ADCY3, ADCY7, ADCY9, PRKACA, MGLL, PTGER3","GNAI3, PIK3CB, PIK3R3, ADORA1, TSHR, AKT1"
"hsa05231","Choline metabolism in cancer",1.10578404987003,1,0.00531914893617021,0.0281653276060195,0.0281653276060195,"MAP2K2, EGFR, PDGFB, LYPLA1, PLA2G4C, JMJD7-PLA2G4B, GPCPD1, TSC2, EIF4EBP1, DGKE, DGKD","MAPK1, AKT1, PIK3CB, PIK3R3, EGF, SLC44A2"
"hsa00531","Glycosaminoglycan degradation",1.17767713051174,1,0.00531914893617021,0.0287819645691223,0.0287819645691223,"IDUA, GLB1, GUSB","HYAL2"
"hsa04146","Peroxisome",1.46841617210682,6,0.005,0.0291322063159517,0.0453753466785832,"PEX26, PHYH, ECH1, ABCD4, SOD2","PEX2, PEX12, ABCD3, ACAA1, HSD17B4, CAT, SCP2, MVK, CROT, NUDT12, ACSL1, ACSL3, IDH2, SOD1, PRDX1, PXMP4"
"hsa00900","Terpenoid backbone biosynthesis",2.66379350949084,1,0.00531914893617021,0.0309363413464131,0.0309363413464131,"FNTA","MVK, ACAT2, HMGCS1, HMGCR, IDI1, MVD, FDPS, FNTB, PCYOX1"
"hsa00514","Other types of O-glycan biosynthesis",1.77989839043252,1,0.005,0.0345142443353435,0.0345142443353435,"PLOD3, RFNG, B4GALT1, OGT","ST6GAL2, LFNG, B4GALT2, XXYLT1, GXYLT2, C1GALT1C1, GALNT1, GALNT2, GALNTL6, GALNT11"
"hsa01250","Biosynthesis of nucleotide sugars",1.97434107174027,1,0.005,0.0425181977195432,0.0425181977195432,"HKDC1, GFPT1, GFPT2, PMM1, UAP1","PGM1, PGM2, UGP2, UGDH, GPI, PGM3, FPGT"
"hsa04927","Cortisol synthesis and secretion",1.34669560757592,1,0.005,0.0498832968967858,0.0498832968967858,"ITPR3, PLCB4, ATF4, ADCY3, ADCY7, ADCY9, PRKACA, ORAI1, NCEH1","PLCB1, CREB3L2, LDLR, PBX1"
